id,host_listings_count,latitude,longitude,accommodates,bathrooms,price,security_deposit,cleaning_fee,extra_people,minimum_nights,maximum_nights,maximum_minimum_nights,minimum_maximum_nights,availability_30,availability_365,number_of_reviews,number_of_reviews_ltm,cta,time_to_cta_minutes
1947,4,41.90246,-87.63405,2,1.0,59.0,100.0,0.0,0.0,14,60,18,60,0,3,4,2,3.0,4.66
2384,1,41.7879,-87.5878,1,1.0,55.0,0.0,20.0,0.0,2,90,2,1125,22,322,178,30,0.0,99.45
4505,1,41.85495,-87.69696,7,1.0,117.0,0.0,30.0,20.0,2,60,2,60,0,146,394,27,2.0,6.39
7126,2,41.90289,-87.68182,2,1.0,80.0,0.0,0.0,0.0,2,60,2,60,29,335,384,48,1.0,14.01
9811,10,41.91769,-87.63788000000002,4,1.0,150.0,0.0,85.0,25.0,4,180,4,180,4,320,49,16,2.0,11.24
10610,5,41.79612,-87.59261,2,1.0,35.0,200.0,50.0,7.0,2,365,2,365,28,268,44,6,0.0,83.96
10945,10,41.91183,-87.64,4,1.0,215.0,0.0,100.0,25.0,4,180,4,180,8,302,17,8,3.0,3.1
12140,1,41.92335,-87.64950999999998,2,1.0,289.0,0.0,0.0,25.0,2,7,2,7,0,141,4,0,2.0,5.76
24833,8,41.926790000000004,-87.65521,3,1.0,99.0,200.0,80.0,10.0,32,395,32,395,30,90,37,0,3.0,4.03
25879,8,41.92693,-87.65753000000002,6,1.0,99.0,300.0,150.0,5.0,32,300,32,300,0,263,47,3,3.0,6.89
28749,3,41.92083,-87.6801,6,2.0,200.0,200.0,150.0,25.0,2,10,2,10,23,310,47,0,1.0,14.47
37738,2,41.97385,-87.66539,2,1.5,77.0,0.0,0.0,37.0,3,90,3,90,30,316,250,9,3.0,7.6
39742,1,41.89377,-87.63465,2,1.0,75.0,0.0,0.0,0.0,2,14,2,14,0,0,500,33,7.0,4.13
44020,8,41.92673,-87.65731,6,1.0,80.0,200.0,240.0,8.0,32,290,90,290,30,270,52,1,3.0,6.15
71930,3,41.89615,-87.67934,2,1.0,59.0,0.0,30.0,20.0,3,90,3,1125,0,176,67,9,,
79101,5,41.96792,-87.65756999999998,6,1.5,180.0,0.0,30.0,50.0,2,365,2,365,20,310,150,4,3.0,2.3
84042,3,41.89615,-87.67934,2,1.0,55.0,0.0,30.0,20.0,3,90,3,1125,23,171,75,21,,
110705,5,41.9693,-87.65621,2,1.0,99.0,0.0,0.0,0.0,2,365,2,365,20,310,148,16,4.0,2.5
126280,1,41.96852,-87.65225,1,1.0,48.0,0.0,20.0,15.0,3,365,3,1125,0,199,162,22,3.0,6.83
145659,21,41.94342,-87.68121,8,2.0,275.0,0.0,50.0,20.0,2,1125,5,1125,28,356,25,12,2.0,11.35
145690,21,41.912890000000004,-87.63864000000002,10,2.0,475.0,0.0,150.0,25.0,2,1125,5,1125,30,345,44,8,3.0,3.48
165952,8,41.94274,-87.67321,4,1.0,198.0,200.0,35.0,15.0,3,365,3,365,29,364,60,2,3.0,3.73
166667,8,41.94274,-87.67378000000002,3,1.0,125.0,200.0,25.0,10.0,3,365,3,365,30,365,88,10,3.0,4.52
166706,8,41.942209999999996,-87.67327,8,2.0,280.0,300.0,50.0,25.0,3,365,3,365,30,365,22,1,3.0,4.5
172616,5,41.897529999999996,-87.67315,3,1.0,72.0,0.0,45.0,10.0,7,150,15,150,30,135,67,10,1.0,13.95
175511,2,41.96012,-87.72158,4,1.0,67.0,100.0,100.0,30.0,3,365,4,365,30,365,33,14,3.0,17.74
184764,1,41.94325,-87.75403,2,1.0,85.0,150.0,50.0,10.0,3,1460,3,1460,0,334,162,2,0.0,41.95
189821,1,41.92918,-87.70219,5,1.0,125.0,0.0,40.0,20.0,2,28,4,1125,28,163,488,67,2.0,7.15
198135,1,41.95935,-87.67963,2,1.0,44.0,0.0,30.0,10.0,2,92,2,92,22,119,170,22,4.0,7.31
207218,1,41.6883,-87.60892,3,1.0,90.0,100.0,35.0,20.0,1,365,1,365,0,296,269,32,0.0,62.05
221109,1,41.89273,-87.65654,2,1.0,115.0,500.0,50.0,40.0,20,365,20,365,29,89,112,4,4.0,6.4
225314,1,41.92543,-87.69593,1,1.0,75.0,0.0,30.0,15.0,2,7,2,7,22,357,20,2,1.0,6.54
230836,3,41.96331,-87.66088,2,1.0,125.0,100.0,50.0,25.0,365,365,365,365,0,0,5,0,2.0,4.73
233933,2,41.95602,-87.72780999999998,2,1.0,55.0,100.0,20.0,10.0,2,30,2,30,29,179,153,20,2.0,6.72
248791,5,41.96797,-87.65791,2,1.5,90.0,0.0,10.0,25.0,2,365,2,365,20,310,97,3,3.0,2.08
250354,1,41.86051,-87.62399,2,1.0,170.0,300.0,50.0,25.0,180,365,180,365,23,358,39,0,3.0,12.12
258253,1,42.00692,-87.68438,2,1.0,48.0,200.0,60.0,50.0,32,90,32,90,27,362,20,2,0.0,80.27
261509,3,41.90314,-87.63494,2,1.0,149.0,200.0,100.0,50.0,32,1125,32,1125,13,242,62,0,3.0,4.91
264547,1,41.88467,-87.64487,3,1.5,195.0,750.0,80.0,50.0,10,180,10,180,27,362,65,4,6.0,4.79
267646,1,41.92716,-87.70470999999998,2,1.0,97.0,200.0,33.0,33.0,2,365,2,365,0,205,139,11,2.0,5.33
275496,1,41.88623,-87.6404,6,2.0,175.0,0.0,25.0,10.0,360,760,360,760,29,364,10,0,10.0,2.89
289689,1,41.977940000000004,-87.65764,1,1.0,26.0,0.0,0.0,0.0,30,1125,30,1125,22,231,61,3,4.0,1.23
289884,2,41.920629999999996,-87.68353,4,2.0,125.0,100.0,50.0,20.0,1,1124,1,1124,30,365,84,6,1.0,11.06
290155,2,41.82702000000001,-87.63967,6,1.5,130.0,200.0,0.0,0.0,3,90,5,1125,0,0,53,14,1.0,14.6
312192,2,41.82741,-87.63934,6,1.5,146.0,200.0,0.0,0.0,4,120,5,1125,0,0,39,8,1.0,14.78
313227,1,41.96331,-87.70916,2,1.0,85.0,100.0,75.0,0.0,3,7,3,7,0,118,47,0,3.0,4.15
345075,2,41.8077,-87.59436,2,1.0,85.0,200.0,20.0,20.0,2,8,2,8,26,336,232,18,0.0,87.07
349265,2,41.80086,-87.58948000000002,7,2.0,195.0,0.0,150.0,50.0,7,90,7,90,13,348,8,0,0.0,80.49
350347,1,41.939859999999996,-87.65473,4,2.0,136.0,150.0,100.0,0.0,3,14,3,1125,23,322,482,58,5.0,1.3
372929,3,41.89862,-87.65597,12,3.0,295.0,500.0,100.0,25.0,1,360,5,360,30,347,212,21,3.0,5.26
395257,18,41.82869,-87.62058,2,1.0,35.0,200.0,100.0,5.0,1,1125,1,1125,30,180,19,8,3.0,11.27
397472,1,42.01455,-87.66511,4,1.0,71.0,200.0,0.0,20.0,10,1000,10,1125,19,58,428,72,3.0,4.81
404792,3,41.88913,-87.66763,3,1.0,130.0,0.0,75.0,15.0,3,365,3,365,0,112,187,13,1.0,8.0
412182,2,41.91891,-87.69901999999998,4,1.0,69.0,0.0,25.0,20.0,2,1125,2,1125,21,23,143,26,2.0,5.88
422214,1,41.89843,-87.66659,16,4.0,250.0,500.0,125.0,25.0,3,90,3,90,29,349,131,14,2.0,8.67
446474,1,41.90095,-87.68181,5,2.0,175.0,0.0,80.0,20.0,3,60,3,60,0,265,4,0,1.0,16.08
450648,1,41.86614,-87.62275,2,1.0,119.0,200.0,75.0,35.0,3,1125,3,1125,0,112,38,0,2.0,5.46
464581,3,41.92451,-87.69385,4,1.0,49.0,0.0,49.0,15.0,2,360,7,1125,9,81,622,75,2.0,6.54
484898,1,41.97053,-87.67267,6,1.5,225.0,100.0,100.0,20.0,3,30,3,30,0,0,14,0,2.0,11.78
488097,1,41.91173,-87.6731,2,1.0,60.0,500.0,0.0,0.0,3,180,3,180,0,141,19,5,2.0,6.63
496809,3,42.00435,-87.67501,2,1.0,85.0,0.0,25.0,20.0,3,90,3,90,16,329,36,0,1.0,16.45
507517,1,41.96714,-87.69611,4,1.0,95.0,0.0,50.0,10.0,2,30,2,30,0,285,284,26,3.0,3.61
533831,2,41.91269000000001,-87.6425,8,2.5,280.0,250.0,145.0,45.0,2,365,4,1125,30,165,55,4,4.0,8.66
537419,2,41.942859999999996,-87.63919,1,1.0,130.0,500.0,25.0,25.0,1,30,1,30,30,365,28,0,0.0,42.48
542067,1,41.93142,-87.69989,4,1.0,125.0,0.0,40.0,25.0,3,31,3,31,0,325,260,17,1.0,10.51
548905,2,41.82293,-87.61559,3,1.0,85.0,350.0,50.0,15.0,2,32,2,32,15,341,227,19,2.0,10.18
573540,2,41.942840000000004,-87.63919,3,2.0,490.0,800.0,25.0,30.0,1,1125,1,1125,30,365,35,0,0.0,42.51
584590,4,41.96425,-87.68359,2,1.0,75.0,0.0,30.0,10.0,1,90,3,90,30,180,43,1,4.0,8.92
585353,6,41.88961,-87.66268000000002,3,2.0,42.0,150.0,25.0,20.0,1,60,1,60,0,284,127,15,3.0,13.31
585356,6,41.890029999999996,-87.66241,4,2.0,74.0,150.0,30.0,35.0,1,60,1,60,30,349,143,28,3.0,13.44
589939,6,41.89054,-87.66261,4,2.0,56.0,150.0,25.0,20.0,1,60,1,60,29,364,66,11,3.0,13.74
611839,1,41.93537,-87.67945999999998,1,1.0,42.0,0.0,30.0,0.0,2,60,2,1125,0,0,160,33,1.0,19.9
628149,6,41.89056,-87.66086,2,2.0,63.0,100.0,20.0,20.0,1,125,1,125,30,362,96,19,3.0,11.37
634310,2,41.99667,-87.66213,2,1.0,65.0,250.0,0.0,15.0,2,1125,2,1125,30,357,81,1,3.0,6.88
640841,2,41.94242,-87.67134,4,2.5,200.0,300.0,80.0,50.0,3,14,5,1125,30,229,46,25,3.0,2.38
642053,11,41.90567,-87.67311,4,1.0,81.0,0.0,35.0,0.0,2,365,3,365,30,136,11,3,2.0,7.64
642065,11,41.906859999999995,-87.67319,4,1.0,113.0,0.0,50.0,0.0,2,365,3,365,30,136,39,8,2.0,5.54
651742,2,41.99244,-87.75569,2,1.0,75.0,0.0,0.0,0.0,2,180,2,180,21,356,66,15,0.0,94.39
662034,2,41.99201,-87.75719000000002,2,1.0,65.0,0.0,0.0,0.0,2,180,2,180,29,364,66,15,0.0,95.15
681842,2,41.99348,-87.68121,1,1.0,50.0,200.0,9.0,40.0,3,10,3,10,28,363,26,5,0.0,104.53
697634,2,41.90302,-87.63499,4,1.0,99.0,300.0,95.0,0.0,31,1125,31,1125,0,0,150,3,3.0,4.96
699284,1,41.92929,-87.64895,12,3.0,800.0,1000.0,200.0,25.0,3,365,3,365,28,363,44,1,3.0,9.1
724895,6,41.889990000000004,-87.66096,2,2.0,44.0,100.0,20.0,15.0,1,30,1,30,30,336,130,20,3.0,11.89
726376,5,41.93932,-87.65218,2,1.0,85.0,0.0,0.0,15.0,7,65,7,65,28,37,623,60,5.0,1.82
727847,3,41.92255,-87.70293000000002,2,1.0,60.0,0.0,30.0,20.0,2,365,2,1125,30,365,73,8,2.0,5.94
731232,0,41.92669,-87.699,5,1.0,90.0,0.0,40.0,20.0,2,365,2,365,27,344,134,18,2.0,7.41
739495,1,41.97847,-87.68087,4,1.0,75.0,0.0,70.0,25.0,4,30,4,30,29,221,186,24,0.0,80.03
753809,81,41.88624,-87.61565999999998,3,1.0,94.0,0.0,80.0,0.0,31,1122,31,1122,30,365,13,0,4.0,14.53
755701,4,41.929970000000004,-87.72061,5,1.0,135.0,0.0,200.0,50.0,5,1125,5,1125,0,235,19,0,2.0,14.08
764856,3,41.886759999999995,-87.64935,2,1.0,159.0,200.0,35.0,0.0,2,120,2,120,29,154,235,60,3.0,3.91
773127,2,41.94994000000001,-87.682,2,2.0,84.0,0.0,20.0,25.0,2,14,2,14,0,0,128,0,3.0,10.57
789429,3,41.961929999999995,-87.66238,2,1.0,99.0,100.0,40.0,20.0,365,365,365,365,30,365,0,0,3.0,7.91
789867,1,41.96437,-87.67398,3,1.0,20.0,0.0,10.0,10.0,2,22,2,1125,30,90,220,40,2.0,4.83
790016,3,41.96046,-87.66346,5,2.0,299.0,200.0,60.0,30.0,365,365,365,365,30,365,16,0,5.0,16.31
790934,16,42.016529999999996,-87.68788,2,2.0,70.0,100.0,12.0,10.0,1,3,1,3,30,180,139,5,0.0,25.86
802613,2,41.92285,-87.68323000000002,4,2.0,175.0,300.0,100.0,25.0,1,1125,1,1125,29,364,57,1,1.0,14.31
810974,1,42.00184,-87.66951,2,1.0,50.0,0.0,20.0,20.0,2,30,2,30,30,365,114,23,3.0,8.6
818109,5,41.89513,-87.67399999999998,3,1.0,80.0,0.0,45.0,10.0,7,160,30,160,30,118,18,10,1.0,17.87
824518,1,41.90213,-87.67598000000002,4,1.0,95.0,1000.0,125.0,10.0,28,365,28,365,0,112,87,0,2.0,12.21
834943,1,41.962379999999996,-87.68378,4,1.0,90.0,100.0,50.0,20.0,2,1125,2,1125,20,276,54,28,5.0,10.11
841024,3,41.9443,-87.64661,6,2.0,239.0,0.0,100.0,100.0,32,1125,32,1125,30,365,15,0,3.0,13.55
863120,1,41.9217,-87.65959000000002,2,2.5,85.0,0.0,50.0,10.0,2,1125,2,1125,29,261,98,23,2.0,11.47
872247,2,41.85939000000001,-87.65271,3,1.0,125.0,500.0,0.0,0.0,7,1125,7,1125,29,114,163,7,0.0,44.15
873628,1,41.89397,-87.64975,2,2.0,150.0,0.0,0.0,0.0,3,180,3,180,23,173,88,7,4.0,5.64
887038,8,41.9263,-87.65567,4,1.0,150.0,200.0,200.0,8.0,32,300,32,300,30,365,36,0,3.0,3.95
903996,1,41.92649,-87.7138,2,1.0,110.0,0.0,20.0,0.0,2,1125,2,1125,3,263,145,18,1.0,10.2
909096,14,41.91105,-87.70926999999998,11,2.5,400.0,0.0,200.0,25.0,1,1125,2,1125,23,346,200,9,0.0,56.64
926142,5,41.99986,-87.67155,6,1.0,180.0,0.0,0.0,0.0,1,1125,200,1125,30,69,5,2,2.0,11.79
929914,1,41.91316,-87.63813,2,1.0,115.0,100.0,0.0,10.0,2,21,3,21,28,295,304,39,2.0,3.91
931105,1,41.88449,-87.69659,2,1.5,75.0,0.0,0.0,20.0,3,1125,3,1125,27,362,23,0,3.0,2.97
949514,1,41.90677,-87.66788000000004,2,1.0,50.0,0.0,0.0,10.0,3,60,3,60,0,0,133,18,2.0,5.23
960326,22,41.89505,-87.65449,8,2.0,302.0,998.0,150.0,60.0,1,1125,5,1125,30,351,265,50,2.0,2.28
966137,1,41.86755,-87.6788,6,1.0,269.0,500.0,0.0,20.0,2,1125,3,1125,30,90,40,0,3.0,13.95
979841,4,42.004979999999996,-87.66712,2,1.5,69.0,95.0,0.0,20.0,2,90,2,90,30,359,209,33,2.0,7.88
979926,4,42.00623,-87.66794,2,1.5,59.0,95.0,0.0,20.0,2,90,2,90,30,363,240,27,2.0,6.66
979942,4,42.004259999999995,-87.66693000000002,2,1.5,59.0,95.0,0.0,20.0,2,90,2,90,30,365,233,31,2.0,7.46
983640,4,42.003809999999994,-87.67081999999998,4,1.0,159.0,150.0,0.0,20.0,2,90,2,90,29,343,176,30,2.0,10.55
1020810,5,41.8943,-87.62609,2,1.0,100.0,800.0,80.0,0.0,30,365,30,365,30,316,30,5,6.0,5.17
1027405,4,41.85432,-87.70769,4,1.0,45.0,550.0,0.0,10.0,2,1125,2,1125,28,88,6,0,2.0,3.46
1027463,4,41.85423,-87.70784,4,2.0,45.0,550.0,0.0,10.0,2,1125,2,1125,29,89,10,4,2.0,3.35
1027741,4,41.85455,-87.70768000000002,4,1.5,45.0,550.0,0.0,10.0,2,1125,2,1125,28,88,19,17,2.0,3.77
1032943,4,41.819959999999995,-87.59978000000002,10,2.5,240.0,500.0,150.0,50.0,2,30,2,30,2,311,199,25,0.0,66.44
1056430,1,41.94376,-87.65164,2,1.0,79.0,0.0,45.0,0.0,2,30,2,30,23,315,320,31,4.0,8.13
1080532,4,41.93396,-87.64108,4,2.5,114.0,300.0,75.0,10.0,6,1125,6,1125,0,219,29,7,2.0,14.42
1083987,81,41.852779999999996,-87.62453000000002,3,1.0,85.0,0.0,80.0,0.0,30,1123,30,1123,30,251,21,1,2.0,1.83
1096191,1,41.97271,-87.65236,2,1.0,55.0,0.0,50.0,0.0,30,400,30,1125,0,225,45,6,4.0,7.19
1101458,2,41.88655,-87.77086,6,1.0,55.0,0.0,20.0,13.0,1,1125,2,1125,29,350,197,24,2.0,4.2
1113259,1,42.01761,-87.67987,2,1.0,55.0,0.0,0.0,0.0,1,1125,1,1125,29,358,132,43,2.0,9.26
1127661,1,41.91791,-87.70933000000002,2,1.0,59.0,0.0,0.0,25.0,2,45,2,45,26,85,238,41,0.0,46.63
1129741,1,41.88282,-87.72026,2,2.0,80.0,500.0,50.0,0.0,7,1125,7,1125,0,0,0,0,3.0,6.96
1171860,5,41.92628,-87.64026,2,1.0,50.0,0.0,0.0,15.0,7,65,7,65,22,27,532,58,0.0,59.59
1183249,5,41.9395,-87.64483,2,1.0,79.0,0.0,0.0,0.0,7,65,7,65,22,58,500,58,4.0,8.81
1185749,1,41.87086,-87.68305,6,1.0,99.0,0.0,75.0,30.0,3,90,3,1125,30,126,314,39,2.0,11.31
1195259,0,41.91095,-87.67783,3,1.0,135.0,0.0,50.0,30.0,4,1124,4,1124,30,360,180,11,3.0,1.65
1225964,0,41.93804,-87.64134,2,2.0,70.0,200.0,125.0,0.0,2,29,2,29,23,349,9,0,3.0,14.27
1229238,2,41.94735,-87.75761999999996,10,2.0,210.0,0.0,0.0,50.0,1,2,1,2,20,344,95,14,0.0,44.65
1229267,2,41.94556,-87.75419000000002,2,1.0,40.0,0.0,0.0,25.0,1,5,1,5,27,351,11,3,0.0,42.14
1249397,2,41.97009,-87.67423000000002,5,2.0,130.0,0.0,0.0,0.0,1,1125,1,1125,0,157,11,1,2.0,9.66
1296053,4,41.82147,-87.60086,2,1.0,75.0,200.0,40.0,10.0,1,1125,1,1125,29,87,27,0,0.0,64.14
1296218,4,41.82184,-87.60129,2,1.0,75.0,200.0,40.0,10.0,1,15,1,15,29,87,23,1,0.0,63.51
1304049,1,41.8719,-87.68486,2,1.0,100.0,0.0,25.0,25.0,1,1125,1,1125,30,365,103,7,2.0,8.07
1321332,1,41.92913,-87.66920999999998,16,3.5,395.0,800.0,190.0,35.0,2,60,4,1125,27,341,74,11,0.0,69.11
1325769,1,41.91355,-87.63675,1,1.0,198.0,200.0,80.0,50.0,1,30,1,30,29,89,23,2,1.0,6.13
1333431,4,41.82179,-87.59985999999998,6,1.0,200.0,400.0,75.0,50.0,1,15,1,15,30,348,6,0,0.0,64.82
1356190,1,41.92083,-87.68896,2,1.0,90.0,0.0,0.0,25.0,1,1125,1,1125,29,323,304,92,2.0,7.6
1361421,5,41.9459,-87.65460999999998,2,11.0,80.0,0.0,0.0,0.0,1,14,1,14,22,357,28,10,4.0,3.92
1369384,1,41.95564,-87.71154,2,1.0,60.0,0.0,5.0,15.0,2,7,2,7,0,140,125,0,1.0,20.0
1392594,1,41.96952,-87.67239000000002,8,2.0,168.0,0.0,75.0,25.0,3,28,3,28,4,195,24,3,2.0,10.43
1427950,1,41.98496,-87.66806,2,1.0,120.0,500.0,50.0,0.0,3,31,3,31,0,0,79,13,4.0,11.01
1428589,4,41.82781,-87.60523,3,1.5,50.0,200.0,25.0,25.0,1,1125,1,1125,24,350,273,17,0.0,74.58
1434078,4,41.92989,-87.64103,6,1.5,380.0,150.0,50.0,35.0,12,1125,12,1125,27,362,14,1,2.0,17.2
1461451,16,42.016529999999996,-87.68788,1,2.0,25.0,100.0,12.0,0.0,1,1125,1,1125,30,180,151,14,0.0,25.86
1468342,1,41.81266,-87.61586,2,1.0,65.0,150.0,30.0,20.0,2,7,2,7,29,360,123,18,2.0,8.18
1475647,16,42.016529999999996,-87.68788,1,2.0,25.0,100.0,12.0,0.0,1,1125,1,1125,7,157,97,16,0.0,25.86
1502674,10,41.91307000000001,-87.64012,5,1.0,158.0,0.0,125.0,25.0,4,180,4,180,23,335,36,17,2.0,4.64
1502700,10,41.91406,-87.63934,10,2.0,425.0,0.0,195.0,25.0,4,120,4,120,21,319,16,3,2.0,5.42
1541692,1,41.82936,-87.6048,2,1.0,55.0,0.0,60.0,25.0,3,7,3,7,22,353,94,17,0.0,71.38
1554433,1,41.71348,-87.67195,2,1.5,90.0,0.0,0.0,0.0,2,1125,2,1125,27,362,162,21,0.0,60.76
1573401,4,41.85763,-87.66235999999998,4,1.0,65.0,0.0,35.0,10.0,2,14,2,14,0,194,187,61,1.0,9.69
1584422,7,41.90607,-87.6488,10,3.0,344.0,0.0,125.0,25.0,3,21,3,21,0,0,26,3,2.0,6.63
1584509,2,41.90697,-87.62941,11,5.0,475.0,3000.0,300.0,150.0,2,1125,2,1125,25,307,53,8,2.0,5.93
1587078,5,41.91638,-87.68422,4,1.0,149.0,1000.0,50.0,40.0,2,1125,2,1125,29,336,293,34,2.0,6.31
1591370,1,42.01114000000001,-87.67634,6,1.0,90.0,500.0,50.0,20.0,2,29,2,29,30,359,93,25,3.0,13.48
1614802,1,41.93455,-87.66141,3,1.0,60.0,0.0,0.0,10.0,4,90,4,90,28,293,271,43,3.0,10.66
1623463,1,41.858999999999995,-87.6462,6,1.0,135.0,250.0,50.0,25.0,2,31,3,31,29,89,40,11,0.0,37.87
1641601,1,41.97282,-87.67257,2,1.0,69.0,150.0,25.0,10.0,2,120,2,120,30,348,275,35,1.0,14.83
1648786,1,41.728359999999995,-87.6136,4,1.0,32.0,0.0,0.0,10.0,2,30,2,30,22,348,84,19,2.0,19.66
1656336,2,41.82516,-87.67456,4,1.0,95.0,200.0,50.0,15.0,1,30,1,30,16,339,269,33,1.0,11.68
1663673,6,41.89322,-87.68571999999998,4,1.0,99.0,0.0,75.0,25.0,2,1125,2,1125,29,175,317,46,1.0,27.57
1668481,1,41.89665,-87.69719,4,1.0,82.0,200.0,40.0,15.0,45,185,45,185,0,9,109,1,0.0,83.15
1672647,1,41.99892,-87.67322,7,1.0,109.0,0.0,0.0,10.0,7,365,7,1125,17,339,224,24,1.0,15.06
1678422,3,41.93465,-87.65754,2,1.0,75.0,250.0,65.0,50.0,1,8,1,8,30,90,28,2,3.0,6.44
1721045,6,41.890029999999996,-87.66254,2,2.0,71.0,110.0,30.0,15.0,1,60,1,60,30,345,94,22,3.0,13.31
1746734,2,41.79984,-87.59465,2,1.0,101.0,0.0,50.0,0.0,2,1125,2,1125,30,332,337,32,0.0,76.85
1755737,0,41.94036,-87.64068,2,2.0,155.0,3500.0,250.0,0.0,365,730,365,730,28,363,0,0,0.0,82.25
1759266,2,41.93396,-87.65897,6,1.0,250.0,250.0,75.0,0.0,3,365,3,365,0,269,32,2,4.0,7.36
1759389,3,41.848009999999995,-87.68127,1,1.5,70.0,0.0,35.0,0.0,2,180,2,1125,8,319,120,14,2.0,12.8
1778910,11,41.85675,-87.65501,10,1.0,69.0,0.0,19.0,19.0,1,365,1,365,30,177,476,86,0.0,48.38
1784523,1,41.93998,-87.70272,4,1.0,99.0,0.0,40.0,0.0,1,365,2,365,29,66,115,20,1.0,10.78
1810118,1,41.77892,-87.59886,3,1.0,59.0,0.0,0.0,15.0,1,1124,2,1124,28,88,327,50,1.0,8.87
1837153,1,41.79963,-87.59477,2,1.0,115.0,0.0,0.0,0.0,3,1125,3,1125,3,329,45,2,0.0,77.15
1852665,81,41.88575,-87.65052,3,1.0,200.0,0.0,0.0,0.0,60,1125,60,1125,0,265,0,0,3.0,1.35
1854000,1,41.932829999999996,-87.64315,2,1.0,225.0,0.0,90.0,25.0,1,1125,1,1125,30,365,151,0,4.0,11.4
1900901,3,42.004,-87.67503,1,1.0,80.0,0.0,20.0,0.0,3,90,3,90,16,330,27,0,1.0,17.12
1917311,1,41.86991,-87.62856,2,1.0,200.0,100.0,100.0,0.0,3,30,3,30,30,100,23,0,7.0,5.83
1921670,2,41.94663,-87.70783,4,1.0,90.0,0.0,70.0,30.0,2,365,2,1125,1,312,229,25,2.0,11.84
1944802,81,41.85453,-87.62052,4,2.0,190.0,0.0,0.0,0.0,60,1125,60,1125,30,365,14,0,2.0,7.92
1954633,1,41.93101,-87.65878000000002,2,2.0,100.0,250.0,25.0,25.0,1,1125,2,1125,29,308,179,32,4.0,8.08
1960332,5,41.94432000000001,-87.65988,8,2.0,519.0,500.0,150.0,0.0,3,120,3,120,29,313,12,9,5.0,5.12
1964520,5,41.94993,-87.66173,6,2.0,439.0,500.0,150.0,0.0,3,90,3,1125,28,313,29,16,4.0,10.91
1965410,5,41.94943,-87.66129000000002,9,2.0,549.0,500.0,175.0,0.0,3,90,3,1125,26,306,33,24,4.0,9.77
1989590,1,41.91344,-87.69031,2,1.0,55.0,0.0,20.0,0.0,3,17,3,1125,30,334,200,26,2.0,8.64
1995991,1,41.9453,-87.65084,4,1.0,65.0,100.0,0.0,0.0,3,30,3,30,25,174,276,34,4.0,5.71
2011301,2,41.92118,-87.68678,2,1.0,75.0,0.0,15.0,0.0,1,1125,1,1125,29,89,198,35,2.0,9.58
2012443,1,41.89278,-87.66131,2,1.0,55.0,0.0,0.0,10.0,3,1124,45,1124,21,225,188,12,3.0,10.17
2046900,1,41.956109999999995,-87.67708,4,1.0,116.0,250.0,120.0,25.0,2,1125,2,1125,1,313,45,13,2.0,4.43
2051690,2,41.988640000000004,-87.69345,2,1.0,50.0,500.0,75.0,0.0,30,60,30,60,11,339,20,5,0.0,82.01
2062638,3,41.8967,-87.65734,10,2.0,295.0,500.0,100.0,25.0,1,360,5,360,30,360,143,11,3.0,3.02
2075573,4,41.82926,-87.60859,5,1.5,60.0,200.0,25.0,25.0,1,1125,1,1125,30,329,206,12,,
2087914,1,41.85658,-87.65423,2,1.0,120.0,0.0,25.0,25.0,1,1125,1,1125,30,358,127,32,0.0,47.61
2093894,48,41.91827,-87.65263,1,1.0,85.0,0.0,24.0,0.0,1,1125,7,1125,30,39,247,34,3.0,0.34
2103986,4,41.93395,-87.63923,2,1.0,75.0,0.0,0.0,0.0,1,1125,1,1125,13,255,137,19,0.0,69.33
2139407,13,41.88745,-87.70784,5,1.0,83.0,0.0,35.0,15.0,1,1125,2,1125,29,345,404,49,3.0,5.75
2163634,1,41.99462,-87.7795,5,1.0,95.0,100.0,70.0,10.0,1,1125,1,1125,30,213,173,25,0.0,88.69
2189522,3,41.848279999999995,-87.68021,1,1.5,70.0,0.0,35.0,0.0,2,180,2,1125,18,324,139,12,2.0,11.57
2198953,2,41.92261,-87.71464,5,1.0,120.0,100.0,60.0,25.0,4,30,4,1125,8,66,101,16,1.0,16.01
2212823,1,41.89309,-87.65061999999998,4,2.0,249.0,0.0,0.0,0.0,2,1125,2,1125,0,22,50,0,4.0,4.16
2227179,1,41.89984000000001,-87.6764,2,1.0,100.0,0.0,30.0,0.0,5,14,5,14,25,122,46,5,1.0,13.87
2261568,1,41.91944,-87.65894,4,2.5,140.0,2000.0,100.0,10.0,365,400,365,400,0,112,2,0,3.0,9.16
2298310,18,41.80379,-87.60386,2,1.0,29.0,250.0,100.0,5.0,2,1125,2,1125,30,180,21,4,0.0,65.19
2305194,5,41.94594,-87.65431,4,11.0,96.0,0.0,0.0,0.0,1,14,1,14,22,357,51,16,4.0,3.01
2305230,5,41.94594,-87.65431,1,11.0,27.0,0.0,0.0,50.0,1,14,1,14,22,357,311,227,4.0,3.01
2320027,1,41.90669000000001,-87.68283000000002,4,1.0,105.0,500.0,30.0,25.0,2,28,2,28,0,0,158,13,1.0,9.51
2396340,22,41.89648,-87.65651,8,2.0,302.0,998.0,150.0,50.0,1,365,5,1125,27,354,349,50,3.0,1.5
2429295,3,41.86756,-87.68661999999998,2,1.0,79.0,500.0,15.0,9.0,1,1125,1,1125,30,331,51,10,1.0,13.14
2437230,2,41.942640000000004,-87.68336,2,1.0,105.0,0.0,95.0,100.0,1,365,2,1125,22,100,80,9,1.0,14.14
2453598,81,41.8877,-87.64276,2,1.0,130.0,0.0,100.0,0.0,60,365,60,365,30,365,7,0,8.0,3.6
2458029,1,41.93501,-87.64819,1,1.0,113.0,0.0,30.0,0.0,1,1125,1,1125,0,257,14,6,3.0,7.17
2459132,0,41.96703,-87.75086999999998,8,1.0,95.0,250.0,75.0,25.0,2,1125,2,1125,28,363,67,0,2.0,13.74
2473938,2,41.85105,-87.67942,2,1.0,60.0,0.0,0.0,20.0,30,90,30,90,0,52,128,18,3.0,6.99
2479175,1,41.96293,-87.69358000000004,2,1.0,85.0,95.0,25.0,10.0,2,18,2,1125,29,144,169,26,3.0,5.46
2496594,81,41.89009,-87.62304,2,1.0,161.0,0.0,80.0,0.0,31,1124,31,1124,30,365,4,0,9.0,8.08
2499596,1,41.900059999999996,-87.68096,5,1.5,119.0,0.0,0.0,0.0,5,90,7,90,30,90,148,15,0.0,80.39
2509508,2,41.81207,-87.60417,4,1.0,85.0,0.0,0.0,20.0,3,1125,3,1125,0,0,18,0,0.0,76.63
2510602,81,41.89076,-87.62276999999996,4,2.0,225.0,0.0,120.0,0.0,31,1125,31,1125,30,365,4,0,9.0,8.24
2512247,4,41.90143,-87.63273000000002,2,1.0,75.0,200.0,0.0,0.0,7,60,7,60,1,40,4,1,3.0,4.75
2515100,2,41.89907,-87.68085,2,1.0,55.0,95.0,10.0,10.0,2,8,2,8,0,0,192,14,0.0,79.11
2515629,3,41.88342,-87.69618,2,1.0,30.0,120.0,30.0,25.0,2,60,2,60,7,148,128,20,3.0,2.28
2519442,1,41.79599,-87.62355,2,1.5,80.0,100.0,60.0,0.0,2,30,2,1125,29,364,82,13,2.0,7.74
2543231,2,41.8579,-87.65104000000002,2,1.0,68.0,0.0,0.0,0.0,2,1125,2,1125,26,80,220,30,0.0,44.26
2552219,1,41.95163,-87.71651,9,3.0,200.0,0.0,75.0,10.0,2,1125,2,1125,5,10,3,3,1.0,9.59
2564678,4,41.85448,-87.70787,1,1.5,45.0,550.0,0.0,10.0,2,1125,2,1125,29,179,6,3,2.0,3.68
2570620,7,41.89826,-87.70336,2,1.0,45.0,100.0,40.0,10.0,1,1125,1,1125,28,249,535,84,0.0,49.3
2583929,81,41.8537,-87.62338000000004,3,1.0,129.0,0.0,100.0,0.0,60,1122,60,1122,30,365,16,0,2.0,6.67
2585378,1,41.90772,-87.68121,1,1.0,80.0,0.0,30.0,0.0,7,100,7,100,5,220,20,2,2.0,6.62
2604345,18,41.80458,-87.60508,2,1.0,27.0,250.0,100.0,5.0,1,1125,1,1125,30,365,25,5,0.0,64.41
2604454,3,41.789770000000004,-87.58915999999998,6,1.5,165.0,0.0,30.0,25.0,1,14,1,14,0,0,104,20,0.0,96.11
2612989,4,41.96089,-87.67981,4,1.0,150.0,150.0,25.0,10.0,2,40,2,40,30,365,23,0,4.0,5.63
2614364,1,41.94467,-87.65856,10,1.0,500.0,500.0,70.0,40.0,2,1125,2,1125,29,355,63,2,4.0,7.07
2619937,2,41.98681,-87.69806,5,2.0,130.0,200.0,100.0,15.0,1,31,1,1125,12,72,7,0,0.0,75.1
2658946,7,41.91755,-87.63592,8,2.0,95.0,0.0,55.0,10.0,1,120,4,1125,22,211,459,84,1.0,12.74
2659670,5,41.96821,-87.65626,16,2.5,700.0,0.0,175.0,50.0,1,1125,1,1125,30,338,123,22,3.0,3.34
2661465,81,41.886179999999996,-87.61888,2,1.0,150.0,0.0,80.0,0.0,31,365,31,365,30,365,25,0,9.0,10.82
2671680,1,41.98705,-87.66228000000002,2,1.5,85.0,300.0,40.0,15.0,3,30,3,1125,30,331,82,12,3.0,7.17
2679456,81,41.852109999999996,-87.6216,4,2.0,200.0,0.0,100.0,0.0,90,368,90,368,30,365,6,0,2.0,5.81
2688739,3,41.86759,-87.68204,2,1.0,87.0,500.0,15.0,9.0,1,1125,1,1125,30,327,31,0,2.0,16.55
2693387,1,41.914320000000004,-87.6737,10,2.0,99.0,200.0,100.0,30.0,1,29,3,29,7,63,96,31,1.0,9.55
2695259,1,41.93227,-87.64879,4,1.0,159.0,1000.0,89.0,25.0,1,1125,2,1125,29,106,105,51,4.0,5.88
2715815,81,41.85445,-87.62432,4,1.0,130.0,0.0,0.0,0.0,31,1125,60,1125,0,258,14,0,2.0,4.05
2730613,2,41.68612,-87.67735,4,1.0,79.0,500.0,29.0,10.0,2,1000,2,1000,30,180,133,10,0.0,92.12
2731202,2,41.68582,-87.68066999999998,4,1.0,76.0,500.0,29.0,20.0,2,1125,2,1125,22,355,139,25,0.0,95.85
2764548,1,42.00598,-87.67211,2,1.0,78.0,150.0,0.0,0.0,2,1125,2,1125,21,316,146,19,2.0,11.16
2782345,1,41.92985,-87.64353,2,1.0,124.0,0.0,35.0,0.0,3,1125,3,1125,30,355,74,12,3.0,14.01
2817608,8,41.94278,-87.67220999999998,4,2.0,289.0,1000.0,50.0,15.0,3,1125,3,1125,30,365,13,1,3.0,2.73
2819982,81,41.85235,-87.6216,4,2.0,250.0,0.0,120.0,0.0,60,1125,60,1125,29,364,8,0,2.0,5.82
2824585,6,41.94435,-87.79969,2,1.0,39.0,0.0,20.0,0.0,2,1125,2,1125,29,363,14,0,0.0,73.29
2832376,81,41.854409999999994,-87.62151,4,1.0,129.0,0.0,80.0,0.0,31,1125,45,1125,30,365,7,0,2.0,6.97
2836339,81,41.89098,-87.62238,2,1.0,258.0,0.0,80.0,0.0,32,365,32,365,16,274,5,0,9.0,8.76
2837146,2,41.94795,-87.68314000000002,9,1.0,128.0,0.0,75.0,25.0,2,29,2,1125,30,182,163,16,2.0,11.29
2844042,6,41.89425,-87.68468,3,1.0,99.0,0.0,200.0,25.0,28,1125,28,1125,1,208,147,5,0.0,77.01
2874467,4,41.828720000000004,-87.60826,3,1.5,50.0,200.0,25.0,25.0,1,1125,1,1125,23,351,194,13,,
2874486,2,41.902429999999995,-87.67028,5,2.0,210.0,250.0,75.0,0.0,2,1125,3,1125,22,169,92,26,2.0,4.49
2875902,81,41.88766,-87.61754,5,2.0,220.0,0.0,120.0,0.0,32,1113,32,1113,30,365,5,0,7.0,13.21
2879976,2,41.93758,-87.7124,2,1.0,75.0,95.0,25.0,30.0,1,1124,2,1125,30,334,249,32,2.0,1.79
2907112,2,41.88523,-87.65195,2,1.0,130.0,150.0,80.0,0.0,4,1125,4,1125,8,330,57,7,3.0,0.92
2907500,3,41.78355,-87.72894000000002,2,1.0,34.0,0.0,8.0,0.0,1,1125,1,1125,0,173,303,0,1.0,14.22
2934604,1,41.9044,-87.67145,2,1.0,110.0,0.0,20.0,0.0,1,1125,3,1125,27,168,267,37,2.0,5.94
2979322,1,41.92049,-87.65789000000002,2,1.0,200.0,0.0,0.0,0.0,28,90,28,90,29,258,6,2,2.0,8.28
2989466,2,41.79748,-87.59078000000002,5,1.0,115.0,0.0,65.0,20.0,2,1125,2,1125,28,339,135,39,0.0,84.05
3031898,2,41.77293,-87.56951,2,2.0,70.0,100.0,50.0,0.0,32,1125,32,1125,30,365,245,26,0.0,102.5
3052275,3,41.90263,-87.64155,2,1.0,94.0,1000.0,35.0,10.0,1,1125,1,1125,0,0,71,2,4.0,12.73
3053081,2,41.91548,-87.67451,3,1.0,125.0,0.0,50.0,0.0,1,30,2,30,7,139,264,63,1.0,10.29
3061036,0,41.85298,-87.62761,3,1.0,85.0,0.0,0.0,12.0,1,18,1,1125,30,193,487,79,2.0,1.28
3068787,1,41.96315,-87.6804,4,2.0,150.0,0.0,75.0,0.0,3,1125,3,1125,0,265,95,9,4.0,5.64
3083343,6,41.91603,-87.67119,4,1.0,130.0,250.0,150.0,10.0,3,75,7,1125,24,54,73,13,1.0,14.46
3088192,1,41.93156,-87.71161,8,1.0,145.0,0.0,60.0,10.0,1,1125,1,1125,15,302,394,71,2.0,3.62
3094937,1,41.94425,-87.68670999999998,5,1.0,70.0,95.0,50.0,0.0,1,1125,1,1125,0,0,20,1,1.0,15.53
3105733,3,41.86823,-87.68483,2,1.0,97.0,500.0,15.0,9.0,1,1125,1,1125,0,173,24,1,2.0,12.96
3111197,1,42.00529,-87.67761,2,1.0,130.0,0.0,0.0,30.0,3,1125,3,1125,30,365,44,0,1.0,18.12
3138825,11,41.85683,-87.65249,12,1.0,69.0,0.0,19.0,19.0,1,1125,1,1125,30,171,431,70,0.0,45.81
3143254,4,41.82875,-87.60826,5,1.5,60.0,200.0,25.0,25.0,1,365,1,365,27,332,254,16,,
3151779,2,41.92476,-87.68564,1,1.0,40.0,0.0,30.0,0.0,1,100,1,100,30,365,17,1,2.0,15.53
3191655,1,41.96697,-87.70906,5,1.0,100.0,250.0,75.0,20.0,3,29,3,29,29,179,13,0,3.0,1.59
3217145,4,41.93493,-87.6462,2,1.0,179.0,0.0,0.0,10.0,1,1124,2,1124,29,364,242,3,3.0,8.94
3241929,1,41.90226,-87.6797,2,1.0,172.0,0.0,45.0,0.0,1,30,1,30,3,292,218,22,1.0,12.46
3267902,1,41.9895,-87.66685,4,1.0,85.0,150.0,45.0,15.0,2,1125,2,1125,24,331,267,48,3.0,8.22
3292054,7,41.94313,-87.65613,8,3.0,450.0,2000.0,100.0,60.0,3,1125,3,1125,15,345,141,14,4.0,6.75
3293564,7,41.94465,-87.65477,2,1.0,99.0,1000.0,35.0,0.0,2,1125,2,1125,9,272,50,8,4.0,6.5
3295017,7,41.94276,-87.65498000000002,2,1.0,99.0,1000.0,40.0,0.0,2,1125,2,1125,18,283,23,4,4.0,5.04
3298786,2,41.93625,-87.71245,2,1.0,75.0,150.0,25.0,30.0,1,1125,1,1125,30,362,78,15,2.0,3.48
3300206,1,41.90832,-87.69444,2,1.0,75.0,200.0,50.0,15.0,1,1125,1,1125,30,365,61,14,1.0,18.42
3302759,3,41.89885,-87.68007,12,2.0,299.0,350.0,160.0,0.0,2,365,2,1125,18,304,156,28,0.0,78.12
3303813,7,41.94279,-87.65548000000004,2,1.0,75.0,1000.0,35.0,0.0,2,1125,2,1125,9,274,81,18,4.0,5.69
3308694,2,41.8867,-87.64338000000002,5,1.0,299.0,500.0,120.0,0.0,2,30,2,30,29,348,38,13,7.0,3.3
3329088,1,41.88373,-87.70718000000002,4,2.0,85.0,500.0,35.0,65.0,2,93,2,1125,15,342,89,19,3.0,1.9
3351169,1,41.8611,-87.6278,1,1.0,45.0,0.0,50.0,50.0,1,5,1,5,29,89,133,1,3.0,8.66
3373118,2,41.90961,-87.69635,4,2.0,130.0,500.0,100.0,20.0,30,60,30,60,28,363,0,0,1.0,18.5
3376665,2,41.90968,-87.69768,2,1.0,90.0,0.0,30.0,20.0,2,7,2,7,30,365,63,9,1.0,23.1
3385966,2,41.93755,-87.66932,5,2.0,142.0,0.0,95.0,80.0,2,1125,2,1125,21,341,141,21,2.0,10.61
3394750,2,41.825829999999996,-87.67534,3,1.0,95.0,100.0,50.0,15.0,1,30,1,30,16,345,87,27,1.0,10.28
3423436,2,41.94177,-87.65146999999996,1,1.0,70.0,0.0,0.0,0.0,2,1125,2,1125,24,84,0,0,3.0,4.18
3434136,2,41.9402,-87.65133,1,1.0,75.0,0.0,0.0,0.0,2,1125,2,1125,30,340,143,0,4.0,1.78
3453656,2,41.99993,-87.66844,2,1.0,45.0,150.0,75.0,15.0,10,90,10,1125,18,111,34,7,3.0,8.99
3488317,4,41.94328,-87.6487,7,1.0,375.0,1000.0,0.0,25.0,1,29,2,29,0,0,6,0,3.0,8.81
3497096,2,41.92709,-87.66337,2,1.0,59.0,0.0,0.0,20.0,32,1125,32,1125,8,271,15,1,2.0,12.76
3517984,1,41.7998,-87.59380999999998,2,1.0,75.0,0.0,0.0,0.0,1,1125,1,1125,27,344,307,73,0.0,77.62
3521727,1,41.94009000000001,-87.65697,4,2.0,230.0,0.0,40.0,40.0,30,180,30,180,0,0,9,0,5.0,3.93
3534562,1,41.92716,-87.65788,5,1.0,175.0,150.0,75.0,18.0,1,1125,1,1125,24,33,358,66,2.0,7.23
3562948,1,41.826159999999994,-87.67481,6,1.0,112.0,200.0,100.0,15.0,4,30,4,30,0,0,114,30,1.0,10.34
3563297,2,41.90182,-87.68401999999998,2,1.0,55.0,95.0,12.0,12.0,2,6,2,6,0,0,175,16,1.0,18.61
3570616,4,41.9293,-87.72039000000002,3,1.0,95.0,0.0,200.0,30.0,31,1125,31,1125,22,203,140,1,1.0,14.69
3571862,81,41.88626,-87.61621,3,1.0,140.0,0.0,80.0,0.0,31,1124,31,1124,30,365,12,0,7.0,13.29
3576287,0,41.97329000000001,-87.65765999999998,2,1.0,65.0,0.0,30.0,15.0,1,30,1,30,0,208,2,2,4.0,0.93
3580497,16,41.89805,-87.62977,4,1.0,91.0,1000.0,100.0,0.0,31,1123,31,1123,0,272,86,3,4.0,3.31
3585870,1,41.92245,-87.70345,2,1.0,110.0,0.0,65.0,10.0,2,160,2,160,4,23,223,23,2.0,6.46
3590692,3,41.99041,-87.66022,1,1.0,64.0,0.0,55.0,25.0,20,365,20,1125,30,328,33,1,3.0,2.14
3627357,1,41.925290000000004,-87.66642,2,1.0,199.0,0.0,60.0,0.0,2,1125,2,1125,30,360,66,2,0.0,75.13
3634631,3,42.00355,-87.6738,1,1.0,70.0,0.0,20.0,0.0,3,120,3,120,2,290,13,0,2.0,13.43
3638346,2,42.00565,-87.6633,2,1.0,99.0,0.0,35.0,15.0,2,7,2,1125,0,141,117,22,2.0,6.91
3638744,2,41.96024,-87.72159,4,1.0,67.0,100.0,100.0,30.0,3,1125,4,1125,0,0,26,7,3.0,17.9
3639045,1,41.99783,-87.67373,4,1.0,51.0,0.0,40.0,20.0,7,1125,7,1125,1,235,3,2,1.0,17.26
3666681,81,41.88975,-87.63425,2,1.0,200.0,0.0,100.0,0.0,30,1123,30,1123,30,365,14,4,10.0,1.77
3667996,18,41.80285,-87.60354,2,1.0,34.0,250.0,100.0,5.0,2,1125,2,1125,21,171,29,6,0.0,66.44
3676258,15,41.88665,-87.63292,6,2.0,249.0,0.0,100.0,0.0,30,1125,30,1125,30,90,2,0,13.0,2.27
3684028,1,41.9318,-87.65113000000002,3,1.0,150.0,200.0,45.0,25.0,2,1125,2,1125,0,5,64,5,4.0,2.81
3689246,1,41.89768,-87.6437,2,1.0,210.0,0.0,90.0,60.0,2,10,2,10,30,180,34,7,3.0,10.09
3696178,2,42.021390000000004,-87.67363,2,1.0,45.0,0.0,20.0,35.0,3,1125,3,1125,22,195,53,12,3.0,4.69
3697283,1,41.81793,-87.61796,1,1.0,75.0,0.0,10.0,20.0,2,7,2,7,0,0,11,2,3.0,3.24
3731110,1,41.90275,-87.6311,3,1.0,100.0,0.0,20.0,15.0,2,21,2,21,0,5,141,15,3.0,1.61
3742513,16,42.0168,-87.68771,2,2.0,25.0,100.0,12.0,10.0,1,1125,1,1125,0,0,123,20,0.0,24.16
3760040,4,41.94224000000001,-87.65137,2,1.0,145.0,0.0,0.0,0.0,1,1124,2,1124,29,361,144,14,3.0,4.95
3761023,2,41.83514,-87.64774,4,1.0,95.0,0.0,20.0,15.0,2,1125,2,1125,22,82,41,33,0.0,75.48
3783099,1,41.97312,-87.65236999999998,2,1.0,70.0,300.0,65.0,15.0,30,1125,30,1125,0,285,18,2,4.0,6.87
3783533,1,41.89806,-87.7034,6,1.0,90.0,200.0,50.0,15.0,1,180,1,180,0,91,288,48,0.0,49.37
3797518,1,41.77189,-87.57458000000004,2,1.0,100.0,0.0,20.0,35.0,3,7,3,7,30,365,2,0,0.0,97.04
3798482,1,41.91999000000001,-87.69001999999998,2,1.0,50.0,0.0,20.0,0.0,2,6,3,6,0,0,170,11,2.0,7.07
3811926,3,41.78384000000001,-87.72759,2,1.0,34.0,0.0,8.0,0.0,1,1125,1,1125,30,357,410,58,1.0,15.08
3826514,2,41.91147,-87.66968,4,2.0,69.0,200.0,79.0,0.0,3,1124,3,1125,8,315,264,51,2.0,9.85
3828422,2,41.95037,-87.6457,1,1.0,68.0,0.0,30.0,0.0,1,1125,1,1125,0,108,37,8,2.0,10.07
3835961,1,42.0059,-87.68285999999998,1,1.0,55.0,100.0,30.0,10.0,3,7,3,7,28,113,2,2,0.0,78.17
3897045,5,41.894220000000004,-87.62595999999998,2,1.0,93.0,800.0,150.0,0.0,30,365,30,1125,30,291,25,6,6.0,5.29
3898355,11,41.855309999999996,-87.65411,5,1.0,69.0,0.0,19.0,19.0,1,365,1,365,29,175,394,73,1.0,20.02
3907071,5,41.7961,-87.5929,2,1.0,37.0,200.0,50.0,7.0,2,999,2,999,29,364,69,20,0.0,84.67
3912360,2,41.9915,-87.65704000000002,2,1.0,111.0,200.0,75.0,0.0,2,1125,2,1125,19,354,61,29,3.0,4.27
3924599,6,41.81874000000001,-87.61439,1,1.0,115.0,500.0,80.0,0.0,2,26,2,26,30,365,6,2,2.0,7.67
3932775,1,41.97355,-87.66141999999998,2,1.0,80.0,0.0,0.0,0.0,2,1125,2,1125,0,0,25,0,4.0,3.31
3940061,1,41.883070000000004,-87.63396999999998,3,1.0,155.0,0.0,55.0,0.0,45,90,45,1125,30,108,15,1,17.0,0.69
3944822,1,41.91088,-87.67704,2,1.0,86.0,250.0,40.0,0.0,2,30,2,1125,30,323,321,47,3.0,1.71
3946324,3,41.94148,-87.79432,2,1.0,85.0,0.0,60.0,15.0,2,180,2,1125,30,270,22,4,0.0,72.39
3953322,3,41.913909999999994,-87.65063,6,2.5,90.0,500.0,109.0,25.0,4,1124,4,1125,25,336,147,20,3.0,4.95
3953841,2,42.0061,-87.66298,2,1.0,80.0,0.0,35.0,0.0,2,1125,2,1125,29,364,39,14,2.0,7.9
3953880,2,42.00493,-87.66471,2,1.0,80.0,0.0,35.0,25.0,3,1125,3,1125,22,357,27,11,2.0,6.94
3962072,1,41.88371,-87.68629,8,1.0,120.0,550.0,160.0,20.0,3,1125,3,1125,12,132,66,7,2.0,13.81
3970529,1,41.9197,-87.67985999999998,4,1.0,150.0,200.0,50.0,35.0,4,29,4,29,29,89,109,10,1.0,13.49
3979385,1,41.95717,-87.64828,4,1.0,125.0,0.0,45.0,50.0,2,1125,2,1125,30,320,222,32,2.0,11.14
3979425,1,41.901270000000004,-87.69165,4,2.5,200.0,0.0,15.0,0.0,3,1125,3,1125,0,0,3,0,0.0,92.76
3983057,5,41.7961,-87.5929,2,1.0,40.0,200.0,50.0,10.0,2,999,2,999,29,354,51,11,0.0,84.67
3984079,5,41.7961,-87.5929,10,1.0,150.0,1000.0,150.0,10.0,2,1125,2,1125,28,253,11,1,0.0,84.67
3984383,3,41.7898,-87.58961,2,1.5,94.0,0.0,15.0,20.0,1,7,1,7,0,0,47,1,0.0,94.56
4011519,5,41.7961,-87.5929,1,1.0,30.0,100.0,50.0,0.0,2,1125,2,1125,22,350,43,10,0.0,84.67
4032955,1,41.91842000000001,-87.67367,2,1.0,500.0,0.0,20.0,0.0,1,2,1,2,28,363,1,0,1.0,15.09
4051574,2,41.93869,-87.64426,2,1.0,125.0,0.0,0.0,0.0,1,1125,1,1125,0,0,21,0,4.0,10.44
4051584,2,41.94061,-87.64544000000002,4,2.0,125.0,500.0,0.0,0.0,3,1125,3,1125,0,0,32,2,4.0,8.48
4075630,3,41.904270000000004,-87.66726,5,1.0,125.0,250.0,75.0,15.0,30,1125,30,1125,18,319,306,40,3.0,1.16
4083903,1,41.80404,-87.60922,4,1.0,95.0,0.0,0.0,0.0,1,1125,2,1125,22,82,3,3,3.0,11.4
4092283,7,41.91752,-87.6358,8,2.0,174.0,0.0,55.0,15.0,1,1000,4,1125,22,210,426,57,1.0,12.83
4096995,4,41.96278,-87.67339,3,1.0,50.0,0.0,30.0,10.0,1,90,3,90,30,365,16,2,3.0,3.9
4097267,4,41.96682,-87.67786,4,1.0,100.0,0.0,25.0,10.0,3,30,4,30,30,365,7,0,3.0,1.82
4105283,1,41.99673,-87.6626,2,1.0,38.0,0.0,0.0,6.0,2,120,2,120,30,128,202,13,3.0,6.97
4150121,1,41.949659999999994,-87.64745,2,1.0,86.0,100.0,95.0,0.0,1,1125,1,1125,30,316,341,40,2.0,8.46
4156913,1,41.96705,-87.65772,2,1.0,73.0,200.0,35.0,25.0,1,1125,1,1125,29,357,72,27,3.0,3.09
4157196,2,41.97783,-87.80185999999998,9,1.0,169.0,0.0,65.0,15.0,2,29,2,1125,24,84,69,27,1.0,11.7
4173269,3,41.919940000000004,-87.64386999999998,2,1.0,125.0,300.0,50.0,0.0,2,1125,3,1125,8,76,281,55,2.0,11.93
4178970,3,41.93473,-87.65801,4,1.0,200.0,500.0,75.0,50.0,2,35,2,35,29,89,49,5,3.0,6.9
4183886,1,41.89581,-87.61683000000002,8,2.0,344.0,500.0,80.0,35.0,3,31,3,1125,27,253,128,14,2.0,12.7
4214683,1,41.95037,-87.71123,2,1.0,37.0,0.0,18.0,10.0,2,90,3,90,3,153,84,18,1.0,12.83
4225006,1,41.959559999999996,-87.68316999999998,3,1.0,130.0,0.0,50.0,20.0,2,8,2,8,30,356,76,5,5.0,10.57
4243309,2,41.94278,-87.64898000000002,2,1.0,69.0,0.0,10.0,10.0,1,1125,1,1125,29,350,262,94,3.0,7.9
4243905,1,41.927209999999995,-87.69733000000002,4,2.0,275.0,250.0,125.0,0.0,2,1125,2,1125,0,275,32,11,2.0,8.19
4257285,2,41.99638,-87.66284,1,1.0,60.0,250.0,0.0,0.0,2,1125,2,1125,30,350,56,9,3.0,6.95
4263439,1,41.905159999999995,-87.6291,2,1.0,109.0,300.0,60.0,0.0,1,32,1,1125,28,245,126,23,3.0,3.9
4264117,1,41.96739,-87.68366999999998,2,1.0,60.0,0.0,0.0,10.0,1,1125,1,1125,0,173,19,4,4.0,5.89
4267901,0,41.89066,-87.63554,2,1.0,135.0,0.0,0.0,0.0,1,1125,1,1125,0,0,176,0,10.0,4.18
4278432,1,41.96841,-87.6851,5,1.0,150.0,300.0,50.0,25.0,3,30,3,30,0,326,78,8,4.0,6.53
4278818,6,41.81954,-87.61594000000002,1,1.0,115.0,500.0,80.0,45.0,2,15,2,15,30,365,11,1,2.0,7.16
4288256,2,41.94245,-87.73234000000002,2,1.0,60.0,500.0,25.0,20.0,1,1125,1,1125,30,38,317,26,0.0,19.33
4301222,1,41.91486,-87.68576999999998,12,2.5,199.0,500.0,150.0,30.0,3,365,3,365,30,170,11,2,3.0,3.4
4302460,1,41.9197,-87.70636,5,1.0,90.0,0.0,0.0,25.0,1,1125,1,1125,0,0,18,0,1.0,11.62
4335812,6,41.81933,-87.61495,1,1.5,115.0,500.0,125.0,125.0,2,1125,2,1125,30,365,11,4,2.0,7.94
4359719,1,41.99574000000001,-87.76231999999996,2,1.0,40.0,0.0,80.0,0.0,1,1125,1,1125,17,228,40,17,0.0,85.11
4365466,16,42.016529999999996,-87.68788,2,2.0,17.0,100.0,12.0,10.0,1,1125,1,1125,21,171,95,6,0.0,25.86
4370895,1,41.90672,-87.62905,7,1.0,175.0,0.0,100.0,19.0,2,30,2,30,30,348,88,12,2.0,6.23
4394093,1,41.95581,-87.66922,2,1.0,75.0,0.0,30.0,0.0,3,1125,3,1125,28,246,30,12,4.0,8.57
4394224,2,41.849109999999996,-87.67924000000002,2,1.0,50.0,0.0,0.0,0.0,25,180,25,180,0,80,9,1,3.0,9.87
4395112,2,41.93853,-87.65562,10,2.0,149.0,0.0,195.0,50.0,2,1125,2,1125,30,171,123,37,5.0,4.25
4417718,2,41.96063,-87.70653,1,1.0,50.0,700.0,0.0,0.0,30,1125,30,1125,23,258,13,0,4.0,10.13
4457161,1,41.95945,-87.67749,6,1.0,239.0,0.0,105.0,50.0,2,1125,2,1125,28,206,53,1,4.0,5.13
4503103,0,41.85525,-87.63507,5,1.5,110.0,200.0,40.0,20.0,1,1125,1,1125,30,90,67,1,2.0,7.19
4503332,0,41.85586,-87.63569,6,2.0,125.0,200.0,35.0,20.0,1,1125,1,1125,24,81,86,19,2.0,9.61
4567558,1,41.95378,-87.73876,3,1.0,45.0,0.0,25.0,25.0,1,1125,1,1125,22,357,116,28,2.0,9.15
4592031,1,41.96654,-87.65701999999996,4,2.5,70.0,0.0,20.0,25.0,1,28,1,28,29,138,72,24,3.0,4.28
4598631,5,41.91215,-87.66830999999998,8,2.0,118.0,250.0,95.0,20.0,2,30,2,1125,4,315,227,43,2.0,12.34
4605354,3,41.93504,-87.65187,4,1.0,175.0,500.0,25.0,25.0,2,1125,2,1125,0,0,7,0,4.0,4.2
4616669,1,41.908879999999996,-87.64126999999998,4,1.0,120.0,200.0,80.0,0.0,2,1125,2,1125,0,0,78,26,3.0,4.36
4631385,6,42.01117,-87.66466,5,1.0,115.0,0.0,40.0,25.0,2,1125,2,1125,30,180,66,8,3.0,5.04
4631540,6,41.9426,-87.79946,2,1.0,40.0,0.0,25.0,0.0,2,1125,2,1125,29,179,36,16,0.0,76.64
4632510,1,41.90383,-87.69455,4,1.0,99.0,150.0,60.0,25.0,7,1125,7,1125,28,81,149,20,0.0,76.87
4644849,2,41.95773,-87.64759000000002,4,1.0,250.0,0.0,75.0,25.0,2,1125,2,1125,29,252,45,4,2.0,12.5
4667333,2,41.92118,-87.68678,2,1.0,75.0,0.0,15.0,0.0,1,1125,1,1125,29,89,169,34,2.0,9.58
4668682,7,41.91755,-87.63592,15,4.0,743.0,1000.0,125.0,15.0,1,1124,5,1125,24,313,111,20,1.0,12.74
4698247,1,41.93262,-87.71007,2,1.0,90.0,0.0,40.0,35.0,2,1125,2,1125,23,79,177,45,2.0,4.64
4708477,1,41.94017,-87.66986999999996,3,1.5,200.0,0.0,40.0,0.0,2,21,2,21,0,0,19,1,3.0,6.56
4720091,1,41.93425,-87.65016,2,1.0,159.0,250.0,30.0,15.0,1,30,2,30,29,359,41,2,3.0,4.76
4730797,4,41.92192,-87.7002,3,1.0,50.0,0.0,25.0,40.0,2,1125,2,1125,0,322,59,12,2.0,3.75
4731523,4,41.9212,-87.69993000000002,3,1.0,50.0,0.0,25.0,40.0,2,1125,2,1125,30,331,47,15,2.0,3.91
4736295,1,41.91735,-87.67712,3,1.0,99.0,0.0,40.0,0.0,1,1100,60,1100,0,211,50,4,2.0,11.85
4777997,1,41.72077,-87.57856,6,1.0,150.0,0.0,50.0,50.0,3,30,3,30,0,21,40,0,0.0,53.5
4785815,1,41.942,-87.64778000000004,3,1.0,110.0,0.0,40.0,25.0,3,1124,3,1124,0,129,65,11,3.0,7.85
4793938,12,41.971059999999994,-87.66776999999998,6,2.0,199.0,250.0,0.0,0.0,2,1125,2,1125,27,358,54,6,5.0,11.99
4803582,1,41.907379999999996,-87.67713,2,1.0,125.0,0.0,65.0,0.0,2,1125,2,1125,30,365,86,17,3.0,3.6
4840199,12,41.97095,-87.66798,7,2.0,499.0,250.0,0.0,0.0,2,900,2,900,28,363,22,5,5.0,12.12
4840753,12,41.971059999999994,-87.66776999999998,2,1.0,159.0,250.0,0.0,0.0,3,1125,3,1125,29,180,27,0,5.0,11.99
4852830,2,41.912209999999995,-87.64956,2,1.0,105.0,0.0,0.0,0.0,2,1125,2,1125,28,310,251,29,3.0,2.17
4862952,1,41.992670000000004,-87.6619,6,1.5,320.0,400.0,100.0,40.0,1,1125,1,1125,28,363,25,0,4.0,3.91
4867834,1,41.90931,-87.69758,1,1.0,60.0,0.0,0.0,20.0,1,1125,2,1125,0,0,7,7,1.0,22.57
4872152,2,41.90793,-87.6884,2,1.0,55.0,0.0,10.0,10.0,1,28,1,1125,30,359,172,26,2.0,13.21
4881981,4,41.90231,-87.63408000000004,2,1.0,59.0,0.0,0.0,10.0,30,45,30,45,0,0,3,0,3.0,4.86
4907692,2,41.96535,-87.69924,4,2.0,105.0,0.0,75.0,0.0,5,90,5,90,7,119,9,1,4.0,3.87
4912516,1,41.946909999999995,-87.68786999999998,6,1.0,147.0,300.0,35.0,12.0,2,14,2,1125,0,0,137,12,0.0,37.75
4923963,1,41.809,-87.61659,5,1.0,135.0,0.0,125.0,25.0,2,1125,2,1125,0,0,27,5,3.0,3.92
4925062,1,41.68906,-87.60769,1,1.0,50.0,100.0,35.0,0.0,2,1125,2,1125,0,0,7,0,0.0,62.21
4978940,1,42.01447,-87.66606,2,1.0,95.0,200.0,9.0,50.0,3,90,3,90,28,178,47,8,3.0,3.88
4979274,14,41.91832,-87.68851,2,1.0,40.0,100.0,10.0,20.0,1,1125,2,1125,30,90,227,34,3.0,4.56
5009613,5,42.00147,-87.66974,4,1.0,50.0,0.0,0.0,0.0,1,1125,1,1125,30,365,0,0,3.0,9.33
5027850,2,41.73415,-87.63925,5,1.0,56.0,400.0,80.0,50.0,2,1125,2,1125,30,175,26,12,0.0,32.73
5048385,1,41.989979999999996,-87.66709,4,1.0,80.0,0.0,30.0,20.0,3,1125,3,1125,0,0,16,3,3.0,8.37
5074013,2,41.893159999999995,-87.62442,4,1.0,250.0,800.0,50.0,50.0,2,1125,2,1125,29,192,231,32,6.0,5.73
5095370,14,41.91832,-87.68851,2,1.0,35.0,100.0,10.0,20.0,1,1125,2,1125,30,90,87,26,3.0,4.56
5102125,5,41.89494000000001,-87.65888000000002,2,1.5,90.0,250.0,42.0,20.0,3,1125,3,1125,22,97,89,27,3.0,5.89
5115962,1,41.92185,-87.68401,3,1.0,214.0,213.0,25.0,0.0,1,365,2,365,0,292,0,0,1.0,12.27
5117490,2,41.89998,-87.69244,4,2.0,75.0,0.0,45.0,30.0,1,1125,1,1125,28,117,175,29,0.0,82.3
5126218,1,41.92149000000001,-87.67817,6,2.5,150.0,0.0,0.0,0.0,30,1125,30,1125,0,151,4,1,1.0,17.21
5169411,1,41.91858,-87.6779,4,1.5,125.0,0.0,120.0,0.0,2,1125,2,1125,5,131,31,3,2.0,13.53
5195252,2,41.90368,-87.67943000000002,2,1.0,85.0,0.0,25.0,0.0,1,1125,1,1125,29,302,71,16,1.0,10.91
5205377,2,41.90436,-87.67953,2,1.0,74.0,0.0,25.0,0.0,2,1125,2,1125,29,353,167,19,1.0,9.66
5210190,6,41.89405,-87.68498000000002,4,1.0,59.0,0.0,200.0,25.0,28,90,28,90,0,162,126,1,,
5210927,6,41.89329,-87.68574,4,1.0,79.0,0.0,75.0,25.0,2,1125,2,1125,30,160,309,45,,
5210931,4,41.88945,-87.68241,2,2.0,200.0,0.0,50.0,150.0,1,1125,1,1125,0,296,71,3,0.0,68.76
5231461,2,41.90036,-87.69332,4,2.0,150.0,0.0,0.0,0.0,3,30,3,30,30,359,140,24,0.0,83.78
5297152,3,41.79718,-87.59735,2,1.0,65.0,0.0,10.0,20.0,2,1125,4,1125,29,132,170,22,0.0,77.84
5320006,3,41.86754000000001,-87.65888000000002,3,1.0,110.0,200.0,50.0,25.0,30,365,30,365,30,365,32,11,3.0,15.67
5321981,2,41.90978,-87.67690999999998,2,1.0,50.0,0.0,0.0,20.0,1,60,1,60,29,179,48,2,3.0,1.18
5322865,2,41.9106,-87.67591,2,1.0,48.0,0.0,0.0,25.0,1,69,1,69,0,306,43,1,3.0,2.35
5328080,3,42.00239000000001,-87.66691999999998,6,2.0,95.0,200.0,75.0,35.0,2,30,2,30,23,88,129,20,3.0,6.79
5359984,2,41.89523,-87.66601,8,2.5,190.0,0.0,70.0,15.0,3,45,3,1125,28,72,65,7,2.0,11.9
5383435,3,41.89883,-87.68124,6,1.0,159.0,150.0,70.0,15.0,1,1125,1,1125,30,344,52,16,0.0,79.49
5406217,1,41.926809999999996,-87.70853000000002,2,2.0,160.0,100.0,50.0,35.0,2,1125,2,1125,30,342,109,27,2.0,5.72
5414283,1,41.7981,-87.58927,1,1.0,39.0,0.0,50.0,10.0,31,365,31,365,22,357,165,2,0.0,84.32
5480976,2,41.92021,-87.69005,6,1.0,63.0,200.0,79.0,25.0,3,1124,3,1125,0,281,231,42,2.0,7.65
5481685,1,42.0151,-87.68063000000002,2,1.0,45.0,0.0,30.0,20.0,2,1125,2,1125,0,112,23,1,2.0,13.43
5496659,6,41.7645,-87.57248,10,1.0,30.0,0.0,25.0,20.0,1,355,1,355,0,0,100,6,0.0,105.85
5509147,2,41.91644,-87.65216,4,1.0,148.0,2000.0,120.0,50.0,4,365,4,1125,30,308,73,18,3.0,3.07
5511358,1,41.94729,-87.70329,1,1.0,34.0,0.0,45.0,15.0,2,34,2,34,0,301,45,7,1.0,19.88
5537682,1,41.921820000000004,-87.66214000000002,7,2.0,275.0,250.0,120.0,25.0,2,1125,2,1125,29,151,108,3,2.0,13.66
5537683,1,41.92052,-87.66186,6,1.5,148.0,250.0,85.0,25.0,2,1125,2,1125,29,90,134,2,2.0,13.35
5545645,3,41.89631,-87.69999,6,1.0,89.0,349.0,85.0,13.0,1,1125,1,1125,30,90,66,7,0.0,85.38
5571262,0,41.898070000000004,-87.67336,6,2.5,275.0,250.0,75.0,0.0,2,5,2,5,0,4,74,10,1.0,13.23
5576190,6,41.76469,-87.57215,2,1.0,30.0,0.0,20.0,20.0,7,1125,7,1125,0,296,53,6,0.0,106.77
5576191,6,41.76264000000001,-87.57231999999998,4,1.0,30.0,0.0,20.0,20.0,1,1125,1,1125,0,296,29,21,0.0,103.53
5601166,1,41.89541,-87.67537,2,1.5,80.0,0.0,0.0,10.0,4,1125,5,1125,27,255,55,10,1.0,18.63
5602585,1,41.94706,-87.65888000000002,6,1.0,174.0,0.0,59.0,19.0,1,1125,1,1125,27,356,55,23,5.0,5.78
5629872,0,41.92845,-87.71325,6,3.5,500.0,999.0,200.0,30.0,2,1125,5,1125,0,0,38,2,1.0,7.17
5632638,2,41.909,-87.67689,2,1.0,105.0,0.0,40.0,50.0,2,1125,2,1125,30,360,57,11,3.0,0.82
5645139,1,41.96834000000001,-87.65850999999998,2,1.0,71.0,150.0,50.0,0.0,3,1125,3,1125,29,352,131,20,3.0,1.13
5651414,1,41.89403,-87.68075,2,1.0,50.0,0.0,50.0,0.0,1,1125,1,1125,0,113,102,3,0.0,72.51
5681790,1,41.919259999999994,-87.65052,4,1.0,210.0,0.0,80.0,0.0,2,1125,2,1125,30,361,135,10,4.0,4.11
5694572,10,41.921820000000004,-87.64175,4,2.0,250.0,0.0,150.0,25.0,7,180,7,180,29,357,9,7,2.0,14.69
5712768,2,41.91925,-87.69096,12,2.0,127.0,500.0,179.0,25.0,3,1124,3,1125,30,351,187,22,2.0,7.96
5733394,2,41.94271,-87.65292,2,1.0,79.0,0.0,50.0,0.0,2,1125,2,1125,29,120,100,54,4.0,4.99
5785758,10,41.8529,-87.69617,1,1.0,45.0,350.0,35.0,100.0,15,365,15,365,29,364,17,2,3.0,3.04
5790620,81,41.890679999999996,-87.62658,5,2.0,300.0,0.0,100.0,0.0,60,1125,60,1125,30,365,6,0,9.0,3.81
5794319,1,41.92046,-87.71656,2,1.0,35.0,0.0,0.0,0.0,1,5,1,5,18,91,316,98,0.0,42.35
5804791,10,41.85284,-87.69830999999998,1,1.0,45.0,350.0,25.0,100.0,15,1125,15,1125,30,365,15,6,2.0,5.35
5805991,10,41.85418,-87.69619,1,1.0,62.0,400.0,25.0,100.0,21,1125,21,1125,30,365,10,4,3.0,2.58
5814832,1,41.97142,-87.67635,2,1.0,97.0,0.0,55.0,0.0,2,1125,2,1125,26,154,101,23,1.0,9.48
5824524,1,41.90122,-87.62933000000002,3,1.0,145.0,99.0,50.0,35.0,1,13,1,13,0,112,8,1,2.0,5.72
5836043,3,41.901379999999996,-87.67335,5,2.0,175.0,750.0,100.0,50.0,3,120,3,1125,28,178,53,23,2.0,8.59
5847065,1,41.91727,-87.65334,2,1.0,56.0,0.0,0.0,25.0,1,1125,1,1125,29,88,157,44,3.0,1.91
5850897,1,41.81214,-87.61231,6,2.5,99.0,0.0,0.0,186.0,2,1125,2,1125,30,365,25,9,2.0,11.51
5851115,1,41.87478,-87.72131,10,1.0,95.0,0.0,45.0,15.0,1,25,1,25,6,263,306,71,1.0,7.41
5861971,1,41.88675,-87.7066,4,1.0,55.0,0.0,25.0,15.0,2,100,2,1125,18,313,102,35,3.0,3.17
5863177,48,41.91829,-87.65258,2,1.0,85.0,0.0,24.0,0.0,1,1125,7,1125,30,39,155,26,3.0,0.39
5869607,4,41.889179999999996,-87.68012,2,1.5,200.0,0.0,50.0,150.0,1,1125,1,1125,0,0,32,4,0.0,68.92
5874798,1,41.94084,-87.65781,2,1.0,79.0,150.0,15.0,40.0,2,1125,2,1125,27,322,205,32,5.0,6.71
5882164,81,41.89862,-87.62138,4,2.0,250.0,0.0,120.0,0.0,31,1125,31,1125,30,365,5,0,3.0,8.85
5912305,2,41.87863,-87.68151999999998,2,1.0,45.0,100.0,25.0,10.0,1,5,2,5,0,0,38,13,3.0,12.16
5929998,1,41.91033,-87.68444000000002,4,2.0,150.0,1000.0,70.0,0.0,3,1125,3,1125,0,0,43,5,2.0,9.03
5933672,81,41.886759999999995,-87.64253000000002,3,2.0,300.0,0.0,100.0,0.0,90,1125,90,1125,0,265,0,0,7.0,2.68
5980645,2,41.934329999999996,-87.73945,1,1.0,29.0,0.0,0.0,0.0,1,30,30,30,29,364,52,3,0.0,35.32
5981743,2,41.910109999999996,-87.6771,1,1.0,89.0,0.0,0.0,20.0,1,44,1,44,0,118,21,7,3.0,0.75
5990023,1,41.891690000000004,-87.62105,4,1.5,285.0,1750.0,75.0,30.0,3,21,3,21,29,364,39,5,7.0,7.52
5996942,2,41.82962,-87.67529,2,1.0,59.0,100.0,38.0,20.0,2,1125,2,1125,29,351,78,19,1.0,6.96
6000726,1,41.935829999999996,-87.69360999999998,2,1.0,87.0,100.0,50.0,0.0,3,200,3,200,12,91,132,23,0.0,37.43
6000922,1,41.99783,-87.66232,2,1.0,75.0,0.0,0.0,0.0,1,180,1,180,0,275,195,53,3.0,5.73
6003054,2,41.9444,-87.7302,2,2.0,60.0,500.0,20.0,20.0,1,1125,1,1125,0,112,85,3,2.0,14.36
6014028,1,41.83618,-87.62082,2,1.0,86.0,0.0,0.0,0.0,1,1125,1,1125,27,323,259,44,2.0,10.23
6014128,81,41.87352,-87.62969,4,2.0,200.0,0.0,80.0,0.0,60,1124,60,1124,30,365,3,0,10.0,3.55
6039038,16,42.016529999999996,-87.68788,2,2.0,25.0,100.0,12.0,10.0,1,1125,1,1125,0,145,151,31,0.0,25.86
6045978,21,41.94614,-87.68242,8,2.0,299.0,0.0,50.0,20.0,1,1125,5,1125,30,365,7,2,3.0,8.27
6051322,12,41.97183,-87.66786,3,1.0,219.0,0.0,0.0,0.0,3,28,3,28,0,0,5,0,5.0,10.95
6053269,12,41.971059999999994,-87.66776999999998,5,2.0,399.0,0.0,0.0,0.0,3,1125,3,1125,0,0,18,0,5.0,11.99
6057908,1,41.93924000000001,-87.65502,5,1.0,170.0,250.0,79.0,21.0,2,365,2,365,30,313,212,43,5.0,2.71
6065318,2,41.94851,-87.68290999999998,4,1.0,59.0,0.0,45.0,35.0,2,31,2,31,16,284,369,51,2.0,9.95
6078393,1,41.9573,-87.68006,10,3.5,475.0,1500.0,150.0,0.0,3,1125,3,1125,0,5,21,1,3.0,9.16
6086065,1,41.92416,-87.69048000000002,4,1.0,119.0,0.0,100.0,0.0,2,1125,2,1125,27,311,46,9,2.0,11.3
6103492,4,41.9595,-87.74891,3,2.0,66.0,0.0,100.0,40.0,30,1125,30,1125,0,319,4,0,1.0,8.54
6104268,1,41.901559999999996,-87.66375,4,2.0,59.0,250.0,79.0,25.0,3,1124,3,1125,26,361,133,33,2.0,4.95
6112891,4,41.90361,-87.63327,2,1.0,40.0,100.0,0.0,0.0,30,90,30,90,0,0,4,3,3.0,1.92
6129236,4,41.89671,-87.6562,2,1.0,76.0,100.0,45.0,35.0,2,1125,2,1125,29,146,124,27,3.0,1.11
6133578,1,41.8585,-87.66920999999998,4,1.5,85.0,0.0,10.0,15.0,1,10,1,10,30,313,407,86,2.0,2.25
6150893,1,41.931470000000004,-87.70801,8,1.5,150.0,100.0,75.0,10.0,2,1125,3,1125,22,70,227,46,2.0,3.23
6153674,21,41.94078,-87.68115,8,2.0,299.0,0.0,125.0,20.0,2,1125,5,1125,30,365,16,5,2.0,14.46
6154243,1,41.92272,-87.73586999999998,4,1.0,100.0,0.0,50.0,30.0,3,60,3,60,29,357,62,8,0.0,47.85
6156931,81,41.88626,-87.61632,4,2.0,171.0,0.0,100.0,0.0,60,1124,60,1124,29,364,14,0,7.0,13.29
6166734,2,41.99484,-87.66184,4,1.0,90.0,0.0,0.0,25.0,1,30,1,30,0,0,59,3,3.0,3.83
6185638,1,41.94208,-87.71685,2,0.0,51.0,0.0,0.0,15.0,1,1125,2,1125,0,0,153,4,2.0,8.28
6214121,1,41.94334,-87.65343,1,1.0,90.0,0.0,50.0,0.0,1,1125,1,1125,0,0,14,0,4.0,5.98
6229085,1,41.89364000000001,-87.66483000000002,8,3.0,399.0,400.0,150.0,10.0,2,1125,2,1125,25,235,75,16,2.0,12.54
6232258,2,41.910579999999996,-87.7087,6,1.0,58.0,250.0,79.0,20.0,4,30,4,30,30,365,189,37,0.0,56.45
6246314,1,41.91165,-87.6923,8,2.0,255.0,0.0,50.0,0.0,3,40,3,1125,22,309,141,28,1.0,11.59
6277018,1,41.91637,-87.7005,2,1.0,129.0,0.0,0.0,0.0,2,7,2,7,28,363,18,0,1.0,10.92
6288917,3,41.9431,-87.79460999999998,3,1.0,125.0,0.0,60.0,15.0,2,365,2,1125,30,270,17,3,0.0,70.28
6321615,1,41.92409,-87.68419,1,1.0,60.0,0.0,30.0,50.0,4,1125,4,1125,20,108,54,15,1.0,15.2
6325307,1,41.96318,-87.70387,8,3.5,299.0,300.0,95.0,25.0,3,21,3,1125,0,0,11,2,4.0,5.74
6344612,1,41.97186,-87.66115,2,1.0,59.0,0.0,100.0,25.0,14,1125,14,1125,0,0,117,6,4.0,4.36
6359332,30,41.888059999999996,-87.63422,4,1.0,164.0,0.0,120.0,0.0,30,1125,30,1125,29,247,3,2,12.0,3.09
6362890,1,41.90974,-87.63133,4,1.0,80.0,400.0,75.0,0.0,28,1125,28,1125,28,298,17,5,2.0,7.84
6363328,1,41.96945,-87.69439,2,1.0,59.0,0.0,20.0,25.0,30,365,30,365,3,150,168,27,3.0,6.0
6365974,4,41.651559999999996,-87.54165,3,1.0,99.0,0.0,100.0,0.0,2,1125,2,1125,29,179,30,4,,
6374350,1,41.94782,-87.68428,2,1.0,78.0,0.0,25.0,40.0,1,1125,1,1125,29,351,109,24,2.0,11.43
6374890,1,41.8984,-87.69673,2,1.0,85.0,0.0,60.0,0.0,2,1125,2,1125,26,159,44,14,0.0,84.84
6375348,2,41.8324,-87.61058,4,1.0,70.0,0.0,25.0,10.0,3,21,3,21,30,262,177,28,0.0,79.49
6376734,81,41.87207,-87.62999,4,2.0,133.0,0.0,100.0,0.0,60,365,60,365,30,365,2,0,10.0,5.65
6378085,0,41.95133,-87.70485,6,1.0,82.0,0.0,65.0,25.0,2,1125,2,1125,15,125,20,20,,
6391342,1,41.89259000000001,-87.66999,2,1.5,80.0,150.0,10.0,20.0,2,1125,2,1125,0,0,28,0,1.0,12.73
6396451,1,41.86159,-87.64795,4,2.0,150.0,0.0,25.0,50.0,2,1125,2,1125,0,0,25,0,0.0,35.7
6419072,1,41.95576,-87.72881,2,2.0,69.0,100.0,30.0,50.0,6,45,6,45,0,0,8,0,2.0,4.97
6419804,0,41.92322,-87.64934000000002,4,1.0,94.0,0.0,80.0,25.0,2,7,2,1125,29,30,2,2,2.0,5.9
6423299,22,41.896809999999995,-87.65513,8,2.0,280.0,998.0,150.0,50.0,1,1125,5,1125,0,291,210,44,3.0,3.86
6426005,4,41.94571,-87.65136,6,1.0,200.0,1000.0,0.0,25.0,1,29,1,29,0,0,35,0,3.0,5.0
6460914,1,42.00663,-87.68544,2,1.0,82.0,0.0,35.0,0.0,5,70,5,70,0,0,28,5,0.0,81.33
6463650,1,41.80852,-87.59589,2,1.0,165.0,250.0,80.0,120.0,3,1125,3,1125,27,362,26,3,0.0,86.09
6472628,3,41.84968,-87.67627,2,1.5,39.0,500.0,50.0,20.0,2,1125,2,1125,0,316,40,9,3.0,10.17
6480445,2,41.93521,-87.71096,6,1.0,115.0,0.0,30.0,25.0,2,1124,2,1124,26,332,130,40,2.0,6.66
6488146,81,41.88745,-87.61731999999998,4,2.0,300.0,0.0,80.0,0.0,31,1125,31,1125,30,365,5,2,6.0,13.89
6499322,4,41.8503,-87.6324,6,1.0,190.0,0.0,50.0,40.0,2,30,2,1125,30,90,178,17,2.0,5.44
6504170,2,41.90064,-87.67056,4,1.0,61.0,0.0,40.0,10.0,1,28,2,1125,30,35,505,83,2.0,6.87
6515667,21,41.91268,-87.63895,6,1.0,239.0,0.0,0.0,25.0,2,1125,5,1125,21,349,43,11,3.0,3.41
6516410,1,41.89825,-87.66731,4,1.0,120.0,300.0,60.0,20.0,1,1125,2,1125,24,85,186,20,2.0,9.08
6528643,21,41.94342,-87.68121,6,2.0,199.0,0.0,50.0,20.0,2,1125,5,1125,28,346,21,5,2.0,11.35
6528832,21,41.91285,-87.63864000000002,6,2.0,199.0,0.0,100.0,25.0,2,1125,5,1125,23,354,26,8,3.0,3.45
6528867,21,41.91285,-87.63864000000002,6,2.0,259.0,0.0,100.0,25.0,2,1125,5,1125,28,352,21,5,3.0,3.45
6528967,21,41.94078,-87.68115,8,2.0,309.0,0.0,125.0,20.0,2,1125,5,1125,30,360,17,5,2.0,14.46
6552046,3,41.84807,-87.67648,2,1.5,25.0,500.0,50.0,15.0,2,1125,2,1125,29,362,22,4,3.0,12.46
6553226,2,41.902229999999996,-87.67265,2,2.0,175.0,250.0,100.0,0.0,3,91,3,1125,11,11,73,25,2.0,7.06
6553796,2,41.7397,-87.55166,4,1.0,155.0,0.0,70.0,10.0,2,120,2,1125,30,266,2,2,0.0,102.93
6570622,1,41.918820000000004,-87.65416,3,1.0,117.0,350.0,35.0,25.0,3,1125,3,1125,0,0,19,0,3.0,2.37
6576714,1,41.77699000000001,-87.59742,3,1.0,55.0,200.0,10.0,17.0,1,1125,1,1125,0,309,103,13,1.0,13.41
6577697,1,41.931290000000004,-87.70828,6,1.0,180.0,0.0,100.0,0.0,2,1125,2,1125,0,0,3,0,2.0,3.34
6585861,1,41.97005,-87.68436,6,3.5,300.0,0.0,75.0,0.0,2,30,2,30,0,0,19,0,4.0,9.86
6588681,1,41.93013,-87.70236,2,1.0,85.0,0.0,60.0,0.0,2,30,2,30,30,275,279,58,3.0,6.7
6612044,2,41.9715,-87.69707,4,1.0,85.0,0.0,50.0,10.0,2,1125,2,1125,0,301,201,33,3.0,10.14
6622853,1,41.91601,-87.64446,4,1.0,150.0,250.0,75.0,10.0,4,1124,15,1125,29,330,136,28,3.0,11.65
6625214,2,41.87279,-87.66205,5,1.0,155.0,0.0,70.0,25.0,2,1125,2,1125,30,290,74,36,3.0,6.57
6644005,2,41.94197,-87.64853000000002,4,2.0,399.0,0.0,35.0,0.0,1,1125,2,1125,28,164,37,2,3.0,7.11
6644524,1,41.91276,-87.6782,6,1.0,300.0,200.0,85.0,20.0,1,1125,1,1125,15,290,111,40,2.0,4.12
6654182,2,41.90274,-87.63303,2,1.0,79.0,300.0,89.0,0.0,31,1125,31,1125,0,204,59,3,3.0,3.06
6655683,3,42.00232000000001,-87.66686,10,3.0,395.0,250.0,150.0,25.0,3,30,3,30,29,94,19,6,3.0,6.69
6671151,2,41.96875,-87.66129000000002,4,2.0,199.0,350.0,39.0,30.0,4,10,4,10,0,0,9,0,3.0,2.96
6673071,2,41.92909,-87.66318000000004,7,3.0,699.0,300.0,150.0,0.0,3,14,7,14,30,171,28,1,3.0,15.23
6686012,2,41.92455,-87.70258000000004,6,1.0,100.0,0.0,80.0,20.0,2,1125,2,1125,30,349,278,49,2.0,8.07
6690014,1,41.93914,-87.64185,3,1.0,199.0,100.0,75.0,0.0,2,1125,2,1125,0,0,11,5,4.0,12.24
6693367,2,41.969409999999996,-87.66022,2,1.0,99.0,200.0,0.0,0.0,2,31,3,1125,30,179,197,38,4.0,4.27
6699565,3,41.94108,-87.79586,2,2.0,90.0,0.0,60.0,15.0,3,180,3,180,30,270,4,0,0.0,74.11
6703210,1,41.91225,-87.67394,2,1.0,95.0,0.0,40.0,0.0,1,8,1,8,29,263,123,40,2.0,6.72
6705053,3,41.88662,-87.61565,8,2.0,345.0,0.0,179.0,58.0,3,999,10,999,15,144,114,35,4.0,15.04
6712154,1,41.98557,-87.6692,4,2.0,150.0,500.0,0.0,50.0,3,10,3,10,0,0,2,1,4.0,12.6
6713251,21,41.94099,-87.68047,6,2.0,275.0,0.0,100.0,20.0,2,1125,5,1125,30,346,20,0,2.0,13.0
6716477,21,41.94072,-87.68115,8,2.0,199.0,0.0,125.0,20.0,2,1125,5,1125,30,348,20,2,2.0,14.54
6716705,21,41.94072,-87.68115,8,2.0,249.0,0.0,0.0,20.0,2,1125,5,1125,30,365,27,13,2.0,14.54
6717327,1,41.975809999999996,-87.71247,2,1.0,75.0,0.0,30.0,0.0,2,1125,2,1125,0,0,16,1,1.0,14.42
6724355,3,41.78355,-87.61363,2,1.0,57.0,0.0,35.0,10.0,2,1125,2,1125,0,300,120,19,2.0,6.15
6729727,2,41.97002,-87.65677,2,1.0,99.0,500.0,35.0,0.0,1,1125,1,1125,19,320,147,31,4.0,2.76
6732036,1,41.85568,-87.64582,6,1.0,180.0,100.0,75.0,35.0,2,1125,2,1125,5,65,82,11,1.0,14.35
6736478,6,41.81974,-87.61465,1,1.5,115.0,600.0,80.0,0.0,2,1125,2,1125,30,365,3,1,2.0,9.71
6741808,1,41.9387,-87.65404000000002,4,1.0,139.0,0.0,50.0,0.0,1,1125,2,1125,30,349,132,77,5.0,2.24
6747002,1,41.94097,-87.68647,5,3.0,425.0,0.0,100.0,0.0,2,1125,2,1125,0,326,0,0,1.0,19.65
6750168,5,41.91345,-87.6677,7,1.0,80.0,250.0,84.0,25.0,1,1125,3,1125,12,331,196,28,1.0,14.31
6757098,5,41.89351,-87.67486,6,1.0,99.0,200.0,79.0,25.0,2,30,4,1125,0,310,195,32,1.0,19.34
6763627,1,41.9219,-87.71701999999998,2,1.0,49.0,0.0,20.0,0.0,3,1125,3,1125,0,1,17,6,1.0,19.55
6764230,2,41.78632,-87.62236999999998,2,1.0,50.0,0.0,0.0,20.0,1,1125,1,1125,30,365,30,15,3.0,14.64
6764244,1,41.91916,-87.7099,2,1.0,75.0,0.0,0.0,50.0,4,1124,4,1124,29,364,87,4,0.0,45.37
6764833,2,41.7857,-87.62109,2,1.0,65.0,0.0,0.0,20.0,1,1125,2,1125,30,365,58,10,2.0,12.53
6768827,6,41.818329999999996,-87.61304,1,1.5,88.0,500.0,80.0,0.0,2,1125,2,1125,30,365,11,2,2.0,8.86
6773167,7,41.767540000000004,-87.62992,6,1.5,99.0,200.0,180.0,15.0,1,30,1,1125,30,90,6,0,1.0,7.01
6774898,1,41.941559999999996,-87.67331999999998,5,1.0,99.0,0.0,20.0,0.0,5,12,5,12,0,0,7,0,3.0,5.7
6780171,21,41.9435,-87.67674,6,1.0,275.0,0.0,0.0,20.0,2,1125,5,1125,27,362,18,7,2.0,6.33
6782452,2,41.97805,-87.66153,2,1.0,80.0,0.0,30.0,15.0,1,30,2,30,0,135,192,79,4.0,2.87
6782887,3,41.89143,-87.62584,5,2.0,232.0,0.0,129.0,50.0,3,999,10,999,0,103,166,30,9.0,4.63
6790448,0,41.92897,-87.72046999999998,3,1.0,46.0,0.0,35.0,10.0,2,1125,2,1125,0,0,10,4,1.0,15.13
6793653,21,41.9435,-87.67674,10,2.0,339.0,0.0,150.0,20.0,2,1125,5,1125,21,342,15,4,2.0,6.33
6794333,1,41.86154000000001,-87.61317,4,0.5,295.0,400.0,25.0,30.0,1,1125,1,1125,29,176,52,6,0.0,41.5
6811019,1,41.97025,-87.75274,2,1.0,85.0,0.0,0.0,0.0,1,1125,1,1125,30,365,43,6,2.0,7.75
6821346,1,41.90963,-87.67643000000002,4,2.0,200.0,200.0,25.0,50.0,2,1125,2,1125,0,0,0,0,3.0,1.67
6830348,26,41.96839,-87.76679,2,1.0,60.0,0.0,50.0,0.0,1,150,7,150,0,335,135,19,1.0,8.66
6831232,1,41.952259999999995,-87.65231,2,1.0,150.0,0.0,0.0,0.0,2,15,2,15,0,0,16,0,3.0,6.57
6832650,2,41.9219,-87.71011999999996,5,2.0,200.0,0.0,0.0,0.0,2,1125,2,1125,0,0,14,0,1.0,13.09
6843452,2,41.89747,-87.66396999999998,4,2.5,200.0,0.0,50.0,0.0,2,1125,2,1125,0,0,9,0,2.0,11.42
6846209,1,41.90667,-87.71429,2,1.5,55.0,0.0,10.0,25.0,2,1125,2,1125,28,363,87,12,0.0,58.96
6853688,21,41.93723,-87.6828,6,1.0,250.0,0.0,25.0,20.0,2,1125,5,1125,28,333,15,5,1.0,20.36
6853914,21,41.93723,-87.6828,10,2.0,405.0,0.0,150.0,20.0,2,1125,5,1125,28,360,17,4,1.0,20.36
6854069,21,41.92751,-87.65011,4,1.0,199.0,0.0,50.0,25.0,2,1125,5,1125,27,354,43,9,3.0,8.43
6855475,16,41.9399,-87.75563000000002,3,1.0,45.0,200.0,25.0,15.0,2,31,2,31,30,365,50,7,0.0,45.47
6863046,21,41.92751,-87.65011,6,1.0,225.0,0.0,100.0,25.0,2,1125,5,1125,26,352,19,4,3.0,8.43
6863178,21,41.92751,-87.65011,10,2.0,379.0,0.0,150.0,25.0,3,1125,5,1125,30,342,37,9,3.0,8.43
6881079,2,41.962509999999995,-87.6713,2,1.0,100.0,200.0,40.0,0.0,2,7,2,7,0,144,45,4,3.0,6.97
6884198,1,41.99264,-87.72187,7,1.0,74.0,100.0,40.0,10.0,1,1125,2,1125,0,0,77,9,0.0,71.96
6888244,1,41.97134000000001,-87.65083,2,1.0,50.0,0.0,20.0,5.0,2,7,2,1125,30,290,94,22,4.0,9.84
6895813,1,41.90592,-87.62921999999998,5,1.0,76.0,0.0,0.0,25.0,1,1125,1,1125,1,175,146,24,2.0,4.76
6897078,2,41.902809999999995,-87.67215999999998,2,1.0,139.0,250.0,65.0,25.0,3,180,3,180,29,259,138,36,2.0,5.62
6925326,10,41.93313,-87.72845,1,1.5,35.0,300.0,75.0,0.0,4,365,4,365,8,343,14,2,0.0,25.62
6953009,1,41.90603,-87.67556,4,1.0,110.0,150.0,50.0,15.0,1,25,1,25,0,0,247,38,2.0,6.6
6957805,8,41.88302,-87.7096,4,2.5,22.0,250.0,8.0,8.0,7,20,7,1125,26,351,427,72,3.0,4.85
6967492,10,41.93306,-87.72851,1,1.0,38.0,300.0,75.0,0.0,4,365,4,365,7,299,10,1,0.0,25.68
6972944,6,41.81922,-87.61498,1,0.5,500.0,650.0,150.0,15.0,1,1125,1,1125,30,365,0,0,2.0,7.9
6975132,12,41.9641,-87.73456,5,1.0,125.0,500.0,100.0,25.0,2,90,2,90,23,168,43,5,1.0,15.04
6975423,12,41.96382,-87.73494000000002,2,1.5,59.0,500.0,100.0,25.0,3,100,3,100,30,270,14,3,1.0,13.81
6990105,2,41.90214,-87.66535999999998,2,1.0,85.0,0.0,0.0,0.0,1,30,1,30,28,85,390,152,3.0,2.81
6991262,1,41.90872,-87.70736,2,1.0,47.0,0.0,0.0,10.0,2,1125,2,1125,0,111,199,36,0.0,60.22
6993421,1,41.90325,-87.63313000000002,4,1.0,124.0,250.0,100.0,0.0,30,365,30,365,8,76,109,1,3.0,2.4
6994290,1,41.91762,-87.69539,4,1.0,90.0,200.0,75.0,0.0,2,1125,2,1125,10,305,77,5,2.0,9.54
7002438,1,41.89165,-87.67658,6,2.0,350.0,0.0,30.0,30.0,2,4,2,4,0,0,3,0,1.0,18.33
7004149,10,41.93481,-87.72972,1,1.5,33.0,300.0,75.0,30.0,4,365,4,365,7,342,5,1,0.0,25.04
7022763,3,41.8565,-87.64978,1,1.0,80.0,200.0,50.0,0.0,30,365,30,365,8,343,13,1,0.0,43.56
7025225,3,41.89859000000001,-87.69006,2,1.0,52.0,0.0,19.0,10.0,1,7,2,1125,30,90,185,48,0.0,87.66
7044056,1,41.894909999999996,-87.66811,2,1.0,110.0,300.0,30.0,20.0,3,1125,3,1125,0,0,28,9,1.0,15.09
7065055,1,41.87709,-87.6472,2,1.0,99.0,0.0,60.0,50.0,2,5,2,5,0,0,29,4,3.0,4.59
7067466,1,41.94869,-87.6771,5,1.0,98.0,500.0,25.0,10.0,2,1125,2,1125,28,359,53,12,3.0,4.08
7070958,1,41.890390000000004,-87.68406999999998,4,1.5,210.0,250.0,90.0,10.0,2,15,2,15,0,0,3,0,0.0,71.29
7071593,2,41.93985,-87.71659,4,2.0,85.0,250.0,75.0,100.0,2,1125,2,1125,30,300,27,10,2.0,4.86
7074653,2,41.96024,-87.71007,2,1.0,75.0,0.0,15.0,10.0,1,10,1,10,0,0,56,10,3.0,9.44
7075936,1,41.93846,-87.788,3,1.0,74.0,0.0,40.0,25.0,1,365,1,365,30,270,58,9,0.0,78.02
7084894,1,41.935140000000004,-87.64955,2,1.0,60.0,100.0,25.0,0.0,1,1125,1,1125,27,340,304,57,3.0,5.44
7092080,12,41.97195,-87.66733,2,1.0,159.0,0.0,0.0,0.0,3,1125,3,1125,29,311,32,1,5.0,10.41
7094014,1,41.99635,-87.65681,1,1.0,37.0,0.0,0.0,0.0,1,1125,1,1125,7,7,99,14,3.0,5.67
7097488,1,41.89294,-87.65865,12,2.0,215.0,675.0,90.0,40.0,1,1125,1,1125,29,346,141,22,4.0,7.53
7114656,0,41.89933,-87.68951,2,1.0,65.0,200.0,10.0,35.0,2,1125,2,1125,0,82,3,2,0.0,88.27
7116810,1,41.78962,-87.71776,4,1.0,75.0,0.0,75.0,0.0,7,1125,7,1125,28,363,26,3,,
7127223,3,41.94319,-87.79545999999998,2,3.0,65.0,0.0,60.0,15.0,3,120,3,120,0,109,11,2,0.0,70.74
7132740,1,41.87378,-87.66026,2,2.0,100.0,0.0,0.0,0.0,2,1125,2,1125,19,342,54,8,3.0,6.17
7174786,16,41.9402,-87.75601,2,1.0,50.0,350.0,40.0,10.0,31,120,31,120,30,365,14,0,0.0,45.84
7176158,1,41.92377000000001,-87.69733000000002,7,1.0,93.0,500.0,69.0,15.0,2,600,2,600,30,340,110,35,3.0,2.17
7182203,1,41.95724000000001,-87.68769,5,1.0,79.0,100.0,69.0,20.0,2,60,2,60,3,53,130,27,2.0,15.2
7198481,1,41.93848,-87.65100000000002,8,4.0,325.0,750.0,160.0,0.0,2,365,3,1125,25,324,36,16,3.0,4.53
7204355,1,41.91472,-87.69041,4,2.0,199.0,1000.0,80.0,0.0,4,28,4,28,0,0,4,3,2.0,5.64
7221759,4,41.91081,-87.67031999999998,4,1.0,129.0,0.0,70.0,0.0,2,1125,3,1125,29,352,144,17,2.0,9.02
7239181,2,41.90392,-87.68863,2,1.0,46.0,0.0,0.0,0.0,3,60,3,60,30,90,74,49,1.0,19.12
7241887,1,41.83092,-87.60762,4,1.0,120.0,250.0,50.0,20.0,2,1125,2,1125,30,270,52,0,0.0,85.38
7244885,1,42.016420000000004,-87.70449,8,2.5,219.0,0.0,75.0,25.0,3,120,3,120,28,175,13,2,0.0,40.66
7264941,81,41.88581,-87.61655999999998,3,1.0,150.0,0.0,100.0,0.0,31,1124,31,1124,30,334,11,3,7.0,13.49
7282353,1,41.79557,-87.73283,2,1.0,75.0,0.0,0.0,0.0,1,15,1,15,28,178,51,6,2.0,13.91
7291481,1,41.89302,-87.66988,4,1.0,90.0,300.0,100.0,20.0,2,1125,2,1125,24,214,153,30,1.0,13.21
7304165,1,41.840559999999996,-87.64173000000002,3,1.0,115.0,265.0,85.0,25.0,2,1125,2,1125,0,42,77,9,2.0,15.48
7309782,2,41.98526,-87.71752,2,1.0,39.0,0.0,10.0,15.0,1,1125,1,1125,0,0,9,0,0.0,56.91
7319042,1,42.0022,-87.67305,2,1.0,45.0,0.0,15.0,10.0,1,200,1,200,30,357,84,16,2.0,12.58
7347908,1,41.89968,-87.6818,4,1.0,58.0,250.0,49.0,20.0,3,1124,3,1125,0,27,250,46,0.0,81.16
7370245,2,41.94664,-87.70783,4,1.0,50.0,0.0,70.0,0.0,32,360,32,1125,0,326,86,0,2.0,11.85
7384649,12,41.97148,-87.66861,6,2.0,249.0,250.0,0.0,0.0,2,60,2,1125,29,267,30,7,5.0,12.29
7384752,81,41.88581,-87.61641,3,1.0,140.0,0.0,80.0,0.0,60,1124,60,1124,30,365,5,1,7.0,13.49
7389646,3,41.95675,-87.66715,2,1.0,95.0,0.0,55.0,20.0,2,1125,2,1125,29,84,113,25,4.0,11.24
7408812,2,41.9228,-87.71074,2,1.0,79.0,0.0,30.0,0.0,2,60,2,60,29,130,82,18,1.0,12.13
7414801,1,41.856359999999995,-87.67891,2,1.0,50.0,0.0,10.0,15.0,1,18,1,18,30,353,95,20,3.0,4.47
7416788,4,41.89038,-87.68219,4,2.5,400.0,0.0,50.0,150.0,1,1125,1,1125,0,297,3,0,0.0,69.43
7421326,1,41.93007,-87.69892,6,1.0,200.0,200.0,80.0,5.0,2,25,2,25,29,358,72,20,2.0,11.7
7460185,1,41.9311,-87.64777,2,1.0,67.0,200.0,50.0,30.0,2,1125,2,1125,7,37,191,25,4.0,8.67
7460396,1,41.918209999999995,-87.69484,5,1.0,115.0,0.0,50.0,10.0,2,1125,2,1125,22,292,209,2,2.0,7.23
7482058,2,41.9045,-87.66256,8,1.5,153.0,600.0,99.0,50.0,2,14,2,14,0,292,256,53,2.0,6.0
7483739,1,41.99414,-87.65946,4,2.0,90.0,200.0,60.0,10.0,1,1125,1,1125,0,0,5,0,3.0,0.52
7497203,9,41.89747,-87.67544000000002,4,1.0,109.0,0.0,59.0,50.0,2,30,2,30,0,0,360,56,1.0,15.79
7507189,1,41.98349,-87.80845,3,1.0,60.0,0.0,15.0,35.0,1,7,1,7,30,365,143,32,1.0,4.72
7511458,3,41.84998,-87.67623,1,1.5,23.0,500.0,50.0,10.0,2,1125,2,1125,30,180,73,1,3.0,9.45
7513667,1,41.97457,-87.67589,2,1.0,60.0,0.0,20.0,10.0,2,1125,2,1125,28,283,90,14,1.0,14.36
7542698,1,41.85398,-87.6702,6,1.0,105.0,95.0,30.0,0.0,2,1125,2,1125,11,144,160,23,2.0,7.02
7557114,2,41.95016,-87.68255,4,1.0,85.0,500.0,80.0,25.0,2,18,2,1125,0,0,47,18,3.0,11.11
7562307,16,41.94025,-87.75690999999998,2,1.0,35.0,350.0,30.0,15.0,31,180,31,180,30,347,26,1,0.0,46.31
7564825,1,41.92654,-87.72505,6,1.0,122.0,150.0,75.0,10.0,2,29,3,29,17,150,100,17,0.0,33.15
7572706,1,41.944179999999996,-87.66084000000002,6,2.0,250.0,0.0,150.0,50.0,2,30,2,30,27,324,66,17,5.0,4.17
7582520,1,41.95936,-87.69084000000002,2,1.0,100.0,0.0,0.0,0.0,1,1125,1,1125,29,342,285,53,4.0,12.49
7583731,7,41.88065,-87.65365,1,2.0,195.0,500.0,150.0,25.0,5,1125,5,1125,0,0,27,0,4.0,8.88
7583774,2,41.92757,-87.66396999999998,2,1.0,49.0,0.0,0.0,20.0,2,1125,2,1125,0,284,19,3,3.0,14.02
7584277,1,41.92759,-87.70076,2,1.0,60.0,0.0,20.0,0.0,1,90,1,1125,30,84,83,22,2.0,8.93
7596630,2,41.91536,-87.69161,2,1.0,105.0,0.0,40.0,0.0,1,1125,1,1125,30,357,67,15,2.0,6.22
7600001,11,41.95129,-87.6713,14,2.0,206.0,0.0,125.0,35.0,2,1125,2,1125,22,216,150,31,4.0,7.48
7602989,9,41.94019,-87.65235,4,1.0,109.0,0.0,59.0,100.0,1,1125,2,1125,0,0,365,72,5.0,1.38
7604699,1,41.94433,-87.65768,3,1.0,150.0,0.0,10.0,20.0,1,5,1,5,0,0,25,4,4.0,7.1
7613172,12,41.97075,-87.66812,5,2.0,299.0,250.0,0.0,0.0,30,1125,30,1125,30,131,3,0,5.0,12.37
7623005,1,41.93349,-87.72267,2,1.0,55.0,0.0,0.0,0.0,3,10,3,10,0,0,108,0,1.0,15.31
7630479,12,41.97065,-87.66821,3,1.0,119.0,250.0,0.0,0.0,30,1125,30,1125,30,131,3,0,6.0,13.4
7637618,1,41.98997,-87.66795,3,1.0,100.0,0.0,0.0,20.0,3,29,3,1125,29,75,112,15,3.0,9.22
7646381,16,41.93905,-87.7566,3,1.0,35.0,350.0,45.0,15.0,31,120,31,120,30,347,20,0,0.0,47.93
7660767,1,41.951229999999995,-87.65573,2,1.0,130.0,0.0,20.0,0.0,1,27,3,1125,0,213,137,44,3.0,6.63
7661725,2,41.99104000000001,-87.66274,2,1.0,55.0,0.0,20.0,20.0,2,1125,2,1125,30,365,68,13,3.0,5.25
7678127,4,41.94876,-87.65879,10,1.0,169.0,500.0,89.0,50.0,1,60,2,1125,27,176,260,75,5.0,6.89
7679926,1,42.01728,-87.66292,4,2.5,200.0,0.0,70.0,0.0,1,1125,1,1125,30,365,8,0,2.0,7.16
7692835,1,41.99322,-87.67205,2,1.0,56.0,0.0,45.0,0.0,2,21,2,21,0,1,299,62,1.0,21.69
7713352,1,41.90676,-87.6888,2,1.0,70.0,0.0,0.0,10.0,3,1125,3,1125,29,179,52,6,1.0,15.33
7718819,10,41.93351,-87.72819,1,1.0,38.0,300.0,75.0,25.0,4,365,4,365,7,342,7,1,0.0,25.36
7725012,2,41.89866,-87.66592,2,1.0,100.0,0.0,0.0,0.0,2,1125,2,1125,29,364,27,0,2.0,8.74
7728429,0,41.92317,-87.69919,2,1.0,175.0,0.0,15.0,25.0,2,1125,2,1125,28,363,21,1,2.0,3.29
7729906,12,41.97183,-87.66786,6,2.0,359.0,250.0,0.0,0.0,30,1125,30,1125,29,252,6,0,5.0,10.95
7730115,1,41.96277,-87.78414000000002,3,1.0,45.0,0.0,30.0,15.0,1,1125,1,1125,23,337,183,25,0.0,65.62
7735577,10,41.93496,-87.72842,1,1.0,30.0,300.0,75.0,0.0,3,365,3,365,0,112,10,1,,
7747636,1,41.94197,-87.68684,2,1.0,59.0,0.0,30.0,0.0,2,1125,2,1125,28,94,101,24,,
7760721,2,41.90941,-87.67286999999996,6,4.0,499.0,500.0,200.0,50.0,3,30,3,30,0,133,8,1,2.0,5.69
7772110,5,41.88664,-87.6509,10,2.5,555.0,495.0,125.0,45.0,2,364,2,1125,1,247,158,27,3.0,2.11
7783924,2,41.8478,-87.63383,3,1.0,85.0,0.0,25.0,20.0,2,29,2,1125,30,232,202,33,2.0,10.91
7787194,1,41.91995,-87.64945999999998,3,1.0,65.0,0.0,45.0,25.0,2,1125,2,1125,0,0,49,0,2.0,5.97
7800946,1,41.95061,-87.64618,2,1.0,105.0,150.0,30.0,0.0,1,1125,1,1125,30,365,55,15,2.0,13.16
7802208,2,41.97096,-87.65693,4,1.0,188.0,500.0,35.0,50.0,1,7,2,7,21,179,94,17,4.0,4.02
7803642,0,41.94076,-87.7041,2,1.0,65.0,0.0,20.0,0.0,2,1125,3,1125,30,176,109,11,1.0,10.61
7807038,1,41.946690000000004,-87.73415,2,1.0,20.0,0.0,35.0,15.0,2,91,2,1125,0,57,70,12,1.0,14.33
7810018,9,41.94043,-87.65235,6,1.0,140.0,0.0,59.0,75.0,1,1125,1,1125,22,244,387,66,5.0,1.55
7810030,9,41.8978,-87.68158000000004,6,1.0,99.0,0.0,59.0,50.0,1,1125,1,1125,29,278,315,64,0.0,78.14
7825273,0,41.95905,-87.72953000000004,2,1.0,56.0,0.0,10.0,0.0,1,1125,2,1125,0,50,80,17,1.0,9.52
7825308,0,41.95966,-87.73108,1,1.0,40.0,0.0,10.0,0.0,1,1125,1,1125,24,351,60,21,1.0,9.99
7837690,1,41.90956,-87.67344,2,1.0,90.0,0.0,0.0,0.0,2,14,2,14,0,97,110,19,2.0,5.26
7854234,1,42.00796,-87.66846,1,1.0,40.0,250.0,10.0,20.0,2,30,2,30,30,221,30,6,3.0,5.06
7874576,6,41.88542,-87.77474000000002,3,3.0,36.0,0.0,15.0,10.0,1,1125,1,1125,28,333,88,18,3.0,2.85
7875516,1,41.97157,-87.77577,1,1.0,32.0,400.0,45.0,5.0,14,120,14,120,29,364,13,3,0.0,86.26
7896539,1,41.7426,-87.69383,5,1.0,69.0,0.0,0.0,25.0,2,1125,2,1125,5,331,118,28,0.0,77.45
7906341,3,42.0069,-87.66951,2,1.0,55.0,100.0,75.0,59.0,3,65,3,65,30,365,7,0,3.0,7.07
7919400,3,41.94487,-87.65056,2,1.0,55.0,400.0,35.0,25.0,1,1125,1,1125,30,123,114,13,3.0,7.72
7933932,1,41.84663,-87.68306,3,1.0,100.0,100.0,65.0,25.0,2,7,2,7,29,349,95,17,3.0,14.38
7937969,1,41.95045,-87.65558,2,1.5,214.0,0.0,60.0,0.0,1,2,1,2,0,0,3,1,3.0,5.59
7946592,1,41.92088,-87.71906,1,1.0,39.0,0.0,40.0,0.0,1,1125,1,1125,29,364,58,17,1.0,23.5
7947804,1,41.89685,-87.65839,8,3.0,279.0,999.0,120.0,20.0,2,1124,3,1124,30,153,175,24,3.0,3.59
7954586,2,41.90692,-87.68916999999998,3,2.0,100.0,250.0,50.0,15.0,2,1125,2,1125,30,90,65,36,1.0,15.15
7975015,1,41.97382,-87.66396,2,1.0,150.0,300.0,40.0,10.0,2,28,2,1125,0,0,51,7,3.0,5.83
7989457,2,41.90359,-87.69643,2,1.0,63.0,0.0,15.0,0.0,1,1125,1,1125,30,180,98,30,0.0,75.68
8007531,1,41.899770000000004,-87.66894,2,1.0,115.0,0.0,40.0,20.0,2,1125,2,1125,29,353,33,9,1.0,6.68
